Code,Name,Directory,Functor,Unlexer,Present,All,Try,Symbolic,Compatibility,Synopsis
Afr,Afrikaans,afrikaans,,,,,,n,,y
Amh,Amharic,amharic,,,,,n,n,,n
Ara,Arabic,arabic,,,,,,y,,y
Bul,Bulgarian,bulgarian,,,y,,,,,y
Cat,Catalan,catalan,Romance,,y,,,,y,y
Chi,Chinese (simplified),chinese,,,,,,,,y
Cze,Czech,czech,,,,,,n,,y
Dan,Danish,danish,Scand,,y,,,,,y
Dut,Dutch,dutch,,,y,,,,,y
Eng,English,english,,,y,,,,y,y
Est,Estonian,estonian,,,,,,,,y
Eus,Basque,basque,,,,,,,,y
Fin,Finnish,finnish,,,y,,,,y,y
Fre,French,french,Romance,,y,,,,y,y
Ger,German,german,,,y,,,,,y
Grc,Ancient Greek,ancient_greek,,,y,,n,n,,n
Gre,Greek,greek,,,,,,,,y
Heb,Hebrew,hebrew,,,,,n,n,,n
Hin,Hindi,hindi,Hindustani,to_devanagari,y,,,,,y
Hun,Hungarian,hungarian,,,n,y,y,y,n,n
Ice,Icelandic,icelandic,,,,,,n,,y
Ina,Interlingua,interlingua,,,y,,n,n,,n
Ita,Italian,italian,Romance,,y,,,,y,y
Jpn,Japanese,japanese,,,,,,,,y
Kor,Korean,korean,,,n,y,y,y,n,n
Lat,Latin,latin,,,,,y,y,n,y
Lav,Latvian,latvian,,,,,,,y,y
Mlt,Maltese,maltese,,,,,,,,y
Mon,Mongolian,mongolian,,,,,,n,,y
Nep,Nepali,nepali,,,,,,n,,y
Nno,Norwegian (nynorsk),nynorsk,,,y,,,,,y
Nor,Norwegian (bokm√•l),norwegian,Scand,,y,,,,,y
Pes,Persian,persian,,,,,,,,y
Pnb,Punjabi,punjabi,,,y,,,,,y
Pol,Polish,polish,,,,,,,,y
Por,Portuguese,portuguese,Romance,,y,,,,y,y
Ron,Romanian,romanian,,,y,,,,,y
Rus,Russian,russian,,,y,,,,,y
Slo,Slovak,slovak,,,,,,n,,y
Slv,Slovenian,slovenian,,,,,n,n,,n
Snd,Sindhi,sindhi,,,,,,,,y
Spa,Spanish,spanish,Romance,,y,,,,y,y
Swa,Swahili,swahili,Bantu,,,n,n,n,n,n
Swe,Swedish,swedish,Scand,,y,,,,y,y
Tel,Telugu,telugu,,,y,n,n,n,,n
Tha,Thai,thai,,to_thai,,,,,,y
Tur,Turkish,turkish,,,y,,,n,,n
Urd,Urdu,urdu,Hindustani,,,,,,,y
