fun	type	Afr	Amh	Grc	Ara	Eus	Bul	Cat	Chi	Hrv	Cze	Dan	Dut	Gus	Eng	Est	Fin	Fre	Ger	Gre	Heb	Hin	Hun	Ice	Ina	Ita	Jpn	Kam	Kor	Lat	Lav	Lit	May	Mlt	Mon	Nep	Nor	Nno	Pes	Pol	Por	Pnb	Ron	Cgg	Rus	Snd	Slo	Slv	Som	Spa	Swa	Swe	Tam	Tel	Tha	Tur	Ukr	Urd	Zul
AAnter	Ant	+	+	+	+	+	+	+	+	-	-	+	+	+	+	+	+	+	+	+	+	+	+	+	+	+	+	+	+	+	+	+	+	+	+	+	+	+	+	+	+	+	+	+	+	+	-	+	+	+	+	+	+	+	+	+	-	+	+
ASimul	Ant	+	+	+	+	+	+	+	+	+	+	+	+	+	+	+	+	+	+	+	+	+	+	+	+	+	+	+	+	+	+	+	+	+	+	+	+	+	+	+	+	+	+	+	+	+	+	+	+	+	+	+	+	+	+	+	+	+	+
AdAP	AdA -> AP -> AP	+	+	+	+	+	+	+	+	+	+	+	+	+	+	+	+	+	+	+	-	+	+	+	+	+	+	+	+	+	+	+	-	+	+	+	+	+	+	+	+	+	+	+	+	+	+	+	-	+	+	+	-	+	+	+	+	+	+
AdAdv	AdA -> Adv -> Adv	+	+	-	+	+	+	+	+	-	-	+	+	+	+	+	+	+	+	+	-	+	-	+	+	+	+	+	-	+	+	+	-	+	+	+	+	+	+	+	+	+	+	-	+	+	-	-	+	+	+	+	-	+	+	+	-	+	+
AdNum	AdN -> Card -> Card	+	-	+	+	+	+	+	+	+	-	+	+	+	+	+	+	+	+	+	-	+	-	+	+	+	+	+	-	-	+	+	-	+	+	+	+	+	+	+	+	+	+	+	+	+	-	-	-	+	+	+	-	-	+	+	+	+	+
AdVVP	AdV -> VP -> VP	+	-	+	+	+	+	+	+	-	-	+	+	-	+	+	+	+	+	+	-	+	-	+	+	+	+	-	+	+	+	+	+	+	+	+	+	+	+	+	+	+	+	+	+	+	-	-	-	+	-	+	-	+	+	+	-	+	+
AdVVPSlash	AdV -> VPSlash -> VPSlash	-	-	-	+	+	+	+	+	-	-	+	-	-	+	-	+	+	+	+	-	+	-	+	-	+	+	-	+	+	-	-	-	+	+	+	+	+	-	-	+	-	-	+	+	-	-	-	-	+	-	+	-	+	-	-	-	+	+
AddAdvQVP	QVP -> IAdv -> QVP	-	-	-	+	-	-	+	-	-	-	+	-	+	+	-	-	+	-	+	+	-	-	+	-	+	+	+	-	-	-	-	-	+	+	+	+	+	-	-	+	-	-	-	-	-	-	-	-	+	-	+	-	+	-	-	-	-	+
AdjCN	AP -> CN -> CN	+	+	+	+	+	+	+	+	+	+	+	+	+	+	+	+	+	+	+	+	+	+	+	+	+	+	+	+	+	+	+	+	+	+	+	+	+	+	+	+	+	+	+	+	+	+	+	+	+	+	+	-	-	+	+	+	+	+
AdjDAP	DAP -> AP -> DAP	-	-	-	-	+	+	+	-	-	-	+	-	+	+	+	-	+	-	-	-	-	-	+	-	+	+	+	-	-	-	-	-	-	-	-	+	+	-	-	+	-	-	+	+	-	-	-	-	+	+	+	-	-	-	+	-	-	+
AdjOrd	Ord -> AP	+	+	+	+	+	+	+	+	+	-	+	+	+	+	+	+	+	+	+	-	+	+	+	+	+	+	+	+	+	+	+	+	+	+	+	+	+	+	+	+	+	+	+	+	+	-	-	+	+	+	+	-	+	+	+	+	+	+
AdnCAdv	CAdv -> AdN	+	-	-	+	-	+	+	+	+	-	+	+	+	+	+	+	+	+	+	-	+	-	+	+	+	+	+	-	+	+	+	-	+	+	+	+	+	+	+	+	+	+	-	+	+	-	-	-	+	+	+	-	+	+	+	+	+	+
AdvAP	AP -> Adv -> AP	-	-	-	+	+	+	+	+	+	+	+	+	+	+	+	+	+	-	+	-	+	+	+	-	+	+	+	-	+	+	-	+	+	+	+	+	+	+	-	+	-	-	-	+	-	+	+	-	+	+	+	-	+	-	+	+	+	+
AdvCN	CN -> Adv -> CN	+	+	+	+	+	+	+	+	+	+	+	+	+	+	+	+	+	+	+	-	+	+	+	+	+	+	+	+	-	+	+	+	+	+	+	+	+	+	+	+	+	+	+	+	+	+	+	-	+	+	+	-	-	+	+	+	+	+
AdvIAdv	IAdv -> Adv -> IAdv	+	-	-	+	+	+	+	+	-	-	+	+	+	+	+	+	+	+	+	+	+	-	+	+	+	+	+	-	-	+	+	-	+	+	+	+	+	+	+	+	+	+	-	+	+	-	-	-	+	-	+	-	+	+	+	-	+	+
AdvIP	IP -> Adv -> IP	+	+	+	+	+	+	+	+	-	-	+	+	+	+	+	+	+	+	+	+	+	-	+	+	+	+	+	-	-	+	+	-	+	+	+	+	+	+	+	+	+	+	-	+	+	-	-	-	+	-	+	-	+	+	+	-	+	+
AdvImp	Adv -> Imp -> Imp	-	-	-	-	-	+	+	-	-	-	+	-	-	+	-	-	+	-	-	-	-	-	-	-	+	-	-	-	-	-	-	-	-	-	-	+	+	-	-	+	-	-	-	-	-	-	-	-	+	-	+	-	+	-	-	-	-	+
AdvNP	NP -> Adv -> NP	+	+	+	+	+	+	+	+	+	+	+	+	+	+	+	+	+	+	+	-	+	+	+	+	+	+	+	+	+	+	+	+	+	+	+	+	+	+	+	+	+	+	+	+	+	+	+	-	+	+	+	-	-	+	+	+	+	+
AdvQVP	VP -> IAdv -> QVP	-	-	-	+	-	-	+	-	-	-	+	-	+	+	-	-	+	-	+	+	-	-	+	-	+	+	+	-	-	-	-	-	+	+	+	+	+	-	-	+	-	-	-	-	-	-	-	-	+	-	+	-	+	-	-	-	-	+
AdvS	Adv -> S -> S	+	+	+	+	+	+	+	+	-	-	+	+	-	+	+	+	+	+	+	-	+	+	+	+	+	+	-	+	+	+	+	+	+	+	+	+	+	+	+	+	+	+	-	+	+	-	+	+	+	-	+	-	+	+	+	-	+	+
AdvSlash	ClSlash -> Adv -> ClSlash	+	-	-	+	+	+	+	+	-	-	+	+	-	+	+	+	+	+	+	-	+	-	+	+	+	+	-	-	-	+	+	-	+	+	+	+	+	+	+	+	+	+	-	+	+	-	-	-	+	-	+	-	+	+	+	-	+	+
AdvVP	VP -> Adv -> VP	+	+	+	+	+	+	+	+	+	+	+	+	-	+	+	+	+	+	+	-	+	+	+	+	+	+	-	+	+	+	+	+	+	+	+	+	+	+	+	+	+	+	+	+	+	+	+	+	+	-	+	-	+	+	+	+	+	+
AdvVPSlash	VPSlash -> Adv -> VPSlash	-	-	-	-	+	+	+	+	-	-	+	-	-	+	+	+	+	+	+	-	+	+	+	-	+	+	-	+	+	-	-	-	+	+	+	+	+	-	-	+	-	-	+	+	-	-	-	+	+	-	+	-	+	-	-	-	+	+
ApposCN	CN -> NP -> CN	+	+	-	+	+	+	+	+	+	+	+	+	-	+	+	+	+	+	+	-	+	+	+	+	+	+	-	+	+	+	+	-	+	+	+	+	+	+	+	+	+	+	+	+	+	+	-	-	+	-	+	-	-	+	+	+	+	+
BaseAP	AP -> AP -> ListAP	+	+	+	+	+	+	+	+	+	+	+	+	+	+	+	+	+	+	+	+	+	+	+	+	+	+	+	+	-	+	+	-	+	+	+	+	+	+	+	+	+	+	-	+	+	+	+	-	+	+	+	-	+	+	+	+	+	+
BaseAdV	AdV -> AdV -> ListAdV	-	-	-	-	+	+	-	-	-	-	-	-	+	+	+	+	-	-	-	+	-	+	+	-	-	+	+	+	-	-	-	-	+	-	-	-	-	-	-	-	-	-	-	+	-	-	-	-	-	+	-	-	+	-	+	-	-	+
BaseAdv	Adv -> Adv -> ListAdv	+	+	+	+	+	+	+	+	+	+	+	+	+	+	+	+	+	+	+	+	+	+	+	+	+	+	+	+	+	+	+	-	+	+	+	+	+	+	+	+	+	+	-	+	+	+	-	-	+	+	+	-	+	+	+	+	+	+
BaseCN	CN -> CN -> ListCN	-	-	+	+	+	+	+	+	-	-	+	-	+	+	+	+	+	+	+	+	-	-	+	-	+	+	+	-	-	-	-	-	+	+	-	+	+	+	-	+	-	-	-	+	-	-	-	-	+	+	+	-	+	-	+	-	-	+
BaseDAP	DAP -> DAP -> ListDAP	-	-	-	-	+	-	-	-	-	-	+	-	+	+	-	-	-	-	-	+	-	-	+	-	-	+	+	-	-	-	-	-	-	-	-	+	+	-	-	-	-	-	-	+	-	-	-	-	-	+	+	-	+	-	-	-	-	+
BaseIAdv	IAdv -> IAdv -> ListIAdv	-	-	-	-	+	+	+	-	-	-	+	-	+	+	+	+	+	-	+	+	-	+	+	-	+	+	+	+	-	-	-	-	+	+	-	+	+	-	-	+	-	-	-	+	-	-	-	-	+	+	+	-	+	-	-	-	-	+
BaseNP	NP -> NP -> ListNP	+	+	+	+	+	+	+	+	+	+	+	+	+	+	+	+	+	+	+	+	+	+	+	+	+	+	+	+	+	+	+	-	+	+	+	+	+	+	+	+	+	+	-	+	+	+	+	+	+	+	+	-	+	+	+	+	+	+
BaseRS	RS -> RS -> ListRS	+	-	-	-	+	+	+	+	+	+	+	+	+	+	+	+	+	+	+	+	+	+	+	+	+	+	+	+	+	+	+	-	+	+	+	+	+	+	+	+	+	+	-	+	+	+	-	-	+	+	+	-	+	+	+	+	+	+
BaseS	S -> S -> ListS	+	+	+	+	+	+	+	+	+	+	+	+	+	+	+	+	+	+	+	+	+	+	+	+	+	+	+	+	+	+	+	-	+	+	+	+	+	+	+	+	+	+	-	+	+	+	-	-	+	+	+	-	+	+	+	+	+	+
CAdvAP	CAdv -> AP -> NP -> AP	+	+	-	-	+	+	+	+	-	-	+	+	+	+	+	+	+	+	+	-	+	+	+	+	+	+	+	-	+	+	+	-	+	+	+	+	+	+	+	+	+	+	-	+	+	-	-	-	+	+	+	-	+	+	+	-	+	+
CleftAdv	Adv -> S -> Cl	+	-	+	+	-	+	+	+	-	-	+	+	+	+	+	+	+	+	+	+	+	-	+	+	+	+	+	-	+	+	+	-	+	+	+	+	+	+	+	+	+	+	-	+	+	-	-	-	+	-	+	-	+	+	+	-	+	+
CleftNP	NP -> RS -> Cl	+	-	+	-	-	+	+	+	-	-	+	+	+	+	+	+	+	+	+	+	+	-	+	+	+	+	+	-	+	+	+	-	+	+	+	+	+	+	+	+	+	+	-	+	+	-	-	-	+	-	+	-	+	+	+	-	+	+
CompAP	AP -> Comp	+	+	+	+	+	+	+	+	+	+	+	+	-	+	+	+	+	+	+	-	+	+	+	+	+	+	-	+	+	+	+	+	+	+	+	+	+	+	+	+	+	+	+	+	+	+	+	+	+	-	+	-	+	+	+	+	+	+
CompAdv	Adv -> Comp	+	+	+	+	+	+	+	+	+	+	+	+	-	+	+	+	+	+	+	-	+	+	+	+	+	+	-	+	+	+	+	+	+	+	+	+	+	+	+	+	+	+	+	+	+	+	+	+	+	-	+	-	+	+	+	+	+	+
CompCN	CN -> Comp	+	-	+	+	+	+	+	+	-	-	+	+	-	+	+	+	+	+	+	-	+	+	+	+	+	+	-	+	+	+	+	+	+	+	+	+	+	+	+	+	+	+	+	+	+	-	-	+	+	-	+	-	+	+	+	-	+	+
CompIAdv	IAdv -> IComp	+	+	+	+	+	+	+	+	-	-	+	+	+	+	+	+	+	+	+	+	+	-	+	+	+	+	+	-	+	+	+	-	+	+	+	+	+	+	+	+	+	+	+	+	+	-	+	+	+	-	+	-	+	+	+	-	+	+
CompIP	IP -> IComp	+	+	+	+	+	+	+	+	-	-	+	+	+	+	+	+	+	+	+	+	+	-	+	+	+	+	+	-	-	+	+	+	+	+	+	+	+	+	+	+	+	+	+	+	+	-	+	+	+	-	+	-	+	+	+	-	+	+
CompNP	NP -> Comp	+	+	+	+	+	+	+	+	+	+	+	+	-	+	+	+	+	+	+	-	+	+	+	+	+	+	-	+	+	+	+	+	+	+	+	+	+	+	+	+	+	+	+	+	+	+	+	+	+	-	+	-	+	+	+	+	+	+
ComparA	A -> NP -> AP	+	+	+	+	+	+	+	+	+	-	+	+	+	+	+	+	+	+	+	-	+	+	+	+	+	+	+	+	+	+	+	+	+	+	+	+	+	+	+	+	+	+	-	+	+	-	-	+	+	+	+	-	+	+	+	+	+	+
ComparAdvAdj	CAdv -> A -> NP -> Adv	+	+	+	-	+	+	+	+	-	-	+	+	+	+	+	+	+	+	+	-	+	-	+	+	+	+	+	-	+	+	+	-	+	+	+	+	+	+	+	+	+	+	-	+	+	-	-	-	+	+	+	-	+	+	+	-	+	+
ComparAdvAdjS	CAdv -> A -> S -> Adv	+	-	-	-	-	+	+	+	-	-	+	+	+	+	+	+	+	+	+	-	+	-	+	+	+	+	+	-	+	+	+	-	+	+	+	+	+	+	+	+	+	+	-	+	+	-	-	-	+	+	+	-	+	+	+	-	+	+
ComplA2	A2 -> NP -> AP	+	-	+	+	+	+	+	+	+	+	+	+	+	+	+	+	+	+	+	-	+	+	+	+	+	+	+	+	+	+	+	-	+	+	+	+	+	+	+	+	+	+	-	+	+	+	-	-	+	+	+	-	+	+	+	+	+	+
ComplN2	N2 -> NP -> CN	+	+	+	+	+	+	+	+	-	-	+	+	+	+	+	+	+	+	+	-	+	-	+	+	+	+	+	-	-	+	+	+	+	+	+	+	+	+	+	+	+	+	+	+	+	-	-	+	+	+	+	-	-	+	+	-	+	+
ComplN3	N3 -> NP -> N2	+	+	+	+	+	+	+	+	-	-	+	+	+	+	+	+	+	+	+	-	+	-	+	+	+	+	+	-	-	+	+	-	+	+	+	+	+	+	+	+	+	+	+	+	+	-	-	-	+	+	+	-	-	+	+	-	+	+
ComplSlash	VPSlash -> NP -> VP	+	+	+	+	+	+	+	+	+	+	+	+	-	+	+	+	+	+	+	+	+	+	+	+	+	+	-	+	+	+	+	+	+	+	+	+	+	+	+	+	+	+	+	+	+	+	+	+	+	-	+	-	+	+	+	+	+	+
ComplSlashIP	VPSlash -> IP -> QVP	-	-	-	+	-	-	+	-	-	-	+	-	+	+	-	-	+	-	+	+	-	-	+	-	+	+	+	-	-	-	-	-	+	+	+	+	+	-	-	+	-	-	-	-	-	-	-	-	+	-	+	-	+	-	-	-	-	+
ComplVA	VA -> AP -> VP	+	+	+	+	+	+	+	+	-	-	+	+	-	+	+	+	+	+	+	-	+	-	+	+	+	+	-	-	+	+	+	-	+	+	+	+	+	+	+	+	+	+	+	+	+	-	-	-	+	-	+	-	+	+	+	-	+	+
ComplVQ	VQ -> QS -> VP	+	-	+	+	+	+	+	+	-	-	+	+	-	+	+	+	+	+	+	-	+	-	+	+	+	+	-	-	+	+	+	-	+	+	+	+	+	+	+	+	+	+	+	+	+	-	-	-	+	-	+	-	+	+	+	-	+	+
ComplVS	VS -> S -> VP	+	-	+	+	+	+	+	+	-	-	+	+	-	+	+	+	+	+	+	-	+	-	+	+	+	+	-	-	+	+	+	-	+	+	+	+	+	+	+	+	+	+	+	+	+	-	-	+	+	-	+	-	+	+	+	-	+	+
ComplVV	VV -> VP -> VP	+	+	+	+	+	+	+	+	-	-	+	+	-	+	+	+	+	+	+	-	+	-	+	+	+	+	-	-	+	+	+	+	+	+	+	+	+	+	+	+	+	+	+	+	+	-	-	+	+	-	+	-	+	+	+	-	+	+
ConjAP	Conj -> ListAP -> AP	+	+	+	+	+	+	+	+	+	+	+	+	+	+	+	+	+	+	+	+	+	+	+	+	+	+	+	+	-	+	+	-	+	+	+	+	+	+	+	+	+	+	-	+	+	+	+	-	+	+	+	-	+	+	+	+	+	+
ConjAdV	Conj -> ListAdV -> AdV	-	-	-	-	+	+	-	-	-	-	-	-	+	+	+	+	-	-	-	+	-	+	+	-	-	+	+	+	-	-	-	-	+	-	-	-	-	-	-	-	-	-	-	+	-	-	-	-	-	+	-	-	+	-	+	-	-	+
ConjAdv	Conj -> ListAdv -> Adv	+	+	+	+	+	+	+	+	+	+	+	+	+	+	+	+	+	+	+	+	+	+	+	+	+	+	+	+	-	+	+	-	+	+	+	+	+	+	+	+	+	+	-	+	+	+	-	-	+	+	+	-	+	+	+	+	+	+
ConjCN	Conj -> ListCN -> CN	-	-	+	+	+	+	+	+	-	-	+	-	+	+	+	+	+	+	+	+	-	-	+	-	+	+	+	-	-	-	-	-	+	+	-	+	+	+	-	+	-	-	-	+	-	-	-	-	+	+	+	-	+	-	+	-	-	+
ConjDet	Conj -> ListDAP -> Det	-	-	-	-	+	-	-	-	-	-	+	-	+	+	-	-	-	-	-	+	-	-	+	-	-	+	+	-	-	-	-	-	-	-	-	+	+	-	-	-	-	-	-	+	-	-	-	-	-	+	+	-	+	-	-	-	-	+
ConjIAdv	Conj -> ListIAdv -> IAdv	-	-	-	-	+	+	+	-	-	-	+	-	+	+	+	+	+	-	+	+	-	+	+	-	+	+	+	+	-	-	-	-	+	+	-	+	+	-	-	+	-	-	-	+	-	-	-	-	+	+	+	-	+	-	-	-	-	+
ConjNP	Conj -> ListNP -> NP	+	+	+	+	+	+	+	+	+	+	+	+	+	+	+	+	+	+	+	+	+	+	+	+	+	+	+	+	+	+	+	-	+	+	+	+	+	+	+	+	+	+	-	+	+	+	+	+	+	+	+	-	+	+	+	+	+	+
ConjRS	Conj -> ListRS -> RS	+	-	-	-	+	+	+	+	+	+	+	+	+	+	+	+	+	+	+	+	+	+	+	+	+	+	+	+	+	+	+	-	+	+	+	+	+	+	+	+	+	+	-	+	+	+	-	-	+	+	+	-	+	+	+	+	+	+
ConjS	Conj -> ListS -> S	+	+	+	+	+	+	+	+	+	+	+	+	+	+	+	+	+	+	+	+	+	+	+	+	+	+	+	+	+	+	+	-	+	+	+	+	+	+	+	+	+	+	-	+	+	+	-	-	+	+	+	-	+	+	+	+	+	+
ConsAP	AP -> ListAP -> ListAP	+	+	+	+	+	+	+	+	+	+	+	+	+	+	+	+	+	+	+	+	+	+	+	+	+	+	+	+	-	+	+	-	+	+	+	+	+	+	+	+	+	+	-	+	+	+	+	-	+	+	+	-	+	+	+	+	+	+
ConsAdV	AdV -> ListAdV -> ListAdV	-	-	-	-	+	+	-	-	-	-	-	-	+	+	+	+	-	-	-	+	-	+	+	-	-	+	+	+	-	-	-	-	+	-	-	-	-	-	-	-	-	-	-	+	-	-	-	-	-	+	-	-	+	-	+	-	-	+
ConsAdv	Adv -> ListAdv -> ListAdv	+	+	+	+	+	+	+	+	+	+	+	+	+	+	+	+	+	+	+	+	+	+	+	+	+	+	+	+	+	+	+	-	+	+	+	+	+	+	+	+	+	+	-	+	+	+	-	-	+	+	+	-	+	+	+	+	+	+
ConsCN	CN -> ListCN -> ListCN	-	-	+	+	+	+	+	+	-	-	+	-	+	+	+	+	+	+	+	+	-	-	+	-	+	+	+	-	-	-	-	-	+	+	-	+	+	+	-	+	-	-	-	+	-	-	-	-	+	+	+	-	+	-	+	-	-	+
ConsDAP	DAP -> ListDAP -> ListDAP	-	-	-	-	+	-	-	-	-	-	+	-	+	+	-	-	-	-	-	+	-	-	+	-	-	+	+	-	-	-	-	-	-	-	-	+	+	-	-	-	-	-	-	+	-	-	-	-	-	+	+	-	+	-	-	-	-	+
ConsIAdv	IAdv -> ListIAdv -> ListIAdv	-	-	-	-	+	+	+	-	-	-	+	-	+	+	+	+	+	-	+	+	-	+	+	-	+	+	+	+	-	-	-	-	+	+	-	+	+	-	-	+	-	-	-	+	-	-	-	-	+	+	+	-	+	-	-	-	-	+
ConsNP	NP -> ListNP -> ListNP	+	+	+	+	+	+	+	+	+	+	+	+	+	+	+	+	+	+	+	+	+	+	+	+	+	+	+	+	+	+	+	-	+	+	+	+	+	+	+	+	+	+	-	+	+	+	+	+	+	+	+	-	+	+	+	+	+	+
ConsRS	RS -> ListRS -> ListRS	+	-	-	-	+	+	+	+	+	+	+	+	+	+	+	+	+	+	+	+	+	+	+	+	+	+	+	+	+	+	+	-	+	+	+	+	+	+	+	+	+	+	-	+	+	+	-	-	+	+	+	-	+	+	+	+	+	+
ConsS	S -> ListS -> ListS	+	+	+	+	+	+	+	+	+	+	+	+	+	+	+	+	+	+	+	+	+	+	+	+	+	+	+	+	+	+	+	-	+	+	+	+	+	+	+	+	+	+	-	+	+	+	-	-	+	+	+	-	+	+	+	+	+	+
CountNP	Det -> NP -> NP	-	-	-	-	+	+	+	+	-	-	+	-	+	+	-	+	+	-	+	-	+	-	+	-	+	+	+	-	+	-	-	+	+	-	-	+	+	-	-	+	-	-	+	+	-	-	-	-	+	+	+	-	-	-	+	-	+	+
D_0	Dig	+	+	+	+	+	+	+	+	+	+	+	+	+	+	+	+	+	+	+	+	+	+	+	+	+	+	+	+	+	+	+	+	+	+	+	+	+	+	+	+	+	+	+	+	+	+	+	+	+	+	+	-	+	+	+	+	+	+
D_1	Dig	+	+	+	+	+	+	+	+	+	+	+	+	+	+	+	+	+	+	+	+	+	+	+	+	+	+	+	+	+	+	+	+	+	+	+	+	+	+	+	+	+	+	+	+	+	+	+	+	+	+	+	-	+	+	+	+	+	+
D_2	Dig	+	+	+	+	+	+	+	+	+	+	+	+	+	+	+	+	+	+	+	+	+	+	+	+	+	+	+	+	+	+	+	+	+	+	+	+	+	+	+	+	+	+	+	+	+	+	+	+	+	+	+	-	+	+	+	+	+	+
D_3	Dig	+	+	+	+	+	+	+	+	+	+	+	+	+	+	+	+	+	+	+	+	+	+	+	+	+	+	+	+	+	+	+	+	+	+	+	+	+	+	+	+	+	+	+	+	+	+	+	+	+	+	+	-	+	+	+	+	+	+
D_4	Dig	+	+	+	+	+	+	+	+	+	+	+	+	+	+	+	+	+	+	+	+	+	+	+	+	+	+	+	+	+	+	+	+	+	+	+	+	+	+	+	+	+	+	+	+	+	+	+	+	+	+	+	-	+	+	+	+	+	+
D_5	Dig	+	+	+	+	+	+	+	+	+	+	+	+	+	+	+	+	+	+	+	+	+	+	+	+	+	+	+	+	+	+	+	+	+	+	+	+	+	+	+	+	+	+	+	+	+	+	+	+	+	+	+	-	+	+	+	+	+	+
D_6	Dig	+	+	+	+	+	+	+	+	+	+	+	+	+	+	+	+	+	+	+	+	+	+	+	+	+	+	+	+	+	+	+	+	+	+	+	+	+	+	+	+	+	+	+	+	+	+	+	+	+	+	+	-	+	+	+	+	+	+
D_7	Dig	+	+	+	+	+	+	+	+	+	+	+	+	+	+	+	+	+	+	+	+	+	+	+	+	+	+	+	+	+	+	+	+	+	+	+	+	+	+	+	+	+	+	+	+	+	+	+	+	+	+	+	-	+	+	+	+	+	+
D_8	Dig	+	+	+	+	+	+	+	+	+	+	+	+	+	+	+	+	+	+	+	+	+	+	+	+	+	+	+	+	+	+	+	+	+	+	+	+	+	+	+	+	+	+	+	+	+	+	+	+	+	+	+	-	+	+	+	+	+	+
D_9	Dig	+	+	+	+	+	+	+	+	+	+	+	+	+	+	+	+	+	+	+	+	+	+	+	+	+	+	+	+	+	+	+	+	+	+	+	+	+	+	+	+	+	+	+	+	+	+	+	+	+	+	+	-	+	+	+	+	+	+
DefArt	Quant	+	+	+	+	+	+	+	+	+	+	+	+	+	+	+	+	+	+	+	+	+	+	+	+	+	+	+	+	+	+	+	+	+	+	+	+	+	+	+	+	+	+	+	+	+	+	+	+	+	+	+	-	-	+	+	+	+	+
DetCN	Det -> CN -> NP	+	+	+	+	+	+	+	+	+	+	+	+	+	+	+	+	+	+	+	+	+	+	+	+	+	+	+	+	+	+	+	+	+	+	+	+	+	+	+	+	+	+	+	+	+	+	+	+	+	+	+	+	-	+	+	+	+	+
DetDAP	Det -> DAP	-	-	-	-	+	+	+	-	-	-	+	+	+	+	+	+	+	+	-	-	-	-	+	-	+	+	+	-	-	-	+	-	-	-	-	+	+	-	+	+	-	-	+	+	-	-	-	-	+	+	+	-	-	-	+	-	-	+
DetNP	Det -> NP	+	+	-	+	+	+	+	+	+	-	+	+	+	+	+	+	+	+	+	-	+	+	+	+	+	+	+	+	+	+	+	+	+	+	+	+	+	+	+	+	+	+	+	+	+	-	+	+	+	+	+	-	-	+	+	+	+	+
DetQuant	Quant -> Num -> Det	+	+	+	+	+	+	+	+	+	+	+	+	+	+	+	+	+	+	+	+	+	+	+	+	+	+	+	+	+	+	+	+	+	+	+	+	+	+	+	+	+	+	+	+	+	+	+	+	+	+	+	+	-	+	+	+	+	+
DetQuantOrd	Quant -> Num -> Ord -> Det	+	+	+	+	+	+	+	+	-	-	+	+	+	+	+	+	+	+	+	-	+	+	+	+	+	+	+	-	-	+	+	+	+	+	+	+	+	+	+	+	+	+	+	+	+	-	-	+	+	+	+	-	-	+	+	-	+	+
EmbedQS	QS -> SC	+	-	-	+	+	+	+	+	-	-	+	+	-	+	+	+	+	+	+	-	+	-	+	+	+	+	-	-	-	+	+	-	+	+	+	+	+	+	+	+	+	+	-	+	+	-	-	-	+	-	+	-	+	+	+	-	+	+
EmbedS	S -> SC	+	-	+	+	+	+	+	+	-	-	+	+	-	+	+	+	+	+	+	-	+	-	+	+	+	+	-	+	-	+	+	-	+	+	+	+	+	+	+	+	+	+	-	+	+	-	-	+	+	-	+	-	+	+	+	-	+	+
EmbedVP	VP -> SC	+	+	-	+	+	+	+	+	-	-	+	+	-	+	+	+	+	+	+	-	+	-	+	+	+	+	-	+	-	+	+	+	+	+	+	+	+	+	+	+	+	+	+	+	+	-	-	+	+	-	+	-	+	+	+	-	+	+
ExistIP	IP -> QCl	+	-	+	+	-	+	+	+	-	-	+	+	+	+	+	+	+	+	+	+	+	-	+	+	+	+	+	-	+	+	+	+	+	+	+	+	+	+	+	+	+	+	-	+	+	-	-	-	+	-	+	-	+	+	+	-	+	+
ExistIPAdv	IP -> Adv -> QCl	-	-	+	-	-	+	-	-	-	-	-	-	+	+	-	+	-	+	-	+	-	-	+	-	-	+	+	-	+	-	-	-	+	+	-	-	-	-	-	+	-	-	-	+	-	-	-	-	+	-	+	-	+	-	-	-	-	+
ExistNP	NP -> Cl	+	-	+	+	+	+	+	+	+	-	+	+	+	+	+	+	+	+	+	+	+	-	+	+	+	+	+	-	+	+	+	+	+	+	+	+	+	+	+	+	+	+	-	+	+	-	+	+	+	-	+	-	+	+	+	+	+	+
ExistNPAdv	NP -> Adv -> Cl	-	-	+	+	-	+	-	-	+	-	-	-	+	+	-	+	+	+	-	+	-	-	+	-	+	+	+	-	+	-	-	-	+	+	-	-	-	+	-	+	-	-	-	+	-	-	-	-	+	-	+	-	+	-	-	+	-	+
ExtAdvNP	NP -> Adv -> NP	-	-	-	-	+	+	+	+	-	-	+	+	+	+	-	+	+	+	-	-	-	+	+	-	+	+	+	-	+	-	-	+	+	-	-	+	+	-	-	+	-	-	+	+	-	-	-	-	+	+	+	-	-	-	+	-	-	+
ExtAdvS	Adv -> S -> S	-	-	-	-	+	+	+	+	-	-	+	+	-	+	+	+	+	+	+	-	+	+	+	-	+	+	-	+	-	-	+	+	+	+	-	+	+	-	+	+	-	+	+	+	-	-	+	+	+	-	+	-	+	+	-	-	+	+
ExtAdvVP	VP -> Adv -> VP	-	-	-	-	+	+	+	+	-	-	+	+	-	+	-	+	+	+	-	-	-	-	+	-	+	+	-	-	-	-	-	-	+	-	-	+	+	-	-	+	-	-	-	+	-	-	-	-	+	-	+	-	+	-	-	-	-	+
FunRP	Prep -> NP -> RP -> RP	+	-	-	-	+	+	+	+	-	-	+	+	+	+	+	+	+	+	+	+	+	-	+	+	+	+	+	-	+	+	+	-	+	+	+	+	+	+	+	+	+	+	-	+	+	-	+	-	+	-	+	-	+	+	+	-	+	+
GenericCl	VP -> Cl	+	-	+	+	+	+	+	+	-	-	+	+	+	+	+	+	+	+	+	+	+	-	+	+	+	+	+	-	+	+	+	+	+	+	+	+	+	+	+	+	+	+	-	+	+	-	-	+	+	-	+	-	+	+	+	-	+	+
IDig	Dig -> Digits	+	+	+	+	+	+	+	+	+	+	+	+	+	+	+	+	+	+	+	+	+	+	+	+	+	+	+	+	+	+	+	+	+	+	+	+	+	+	+	+	+	+	+	+	+	+	+	+	+	+	+	-	+	+	+	+	+	+
IIDig	Dig -> Digits -> Digits	+	+	+	+	+	+	+	+	+	+	+	+	+	+	+	+	+	+	+	+	+	+	+	+	+	+	+	+	+	+	+	+	+	+	+	+	+	+	+	+	+	+	+	+	+	+	+	+	+	+	+	-	+	+	+	+	+	+
IdRP	RP	+	-	+	+	+	+	+	+	+	+	+	+	+	+	+	+	+	+	+	+	+	+	+	+	+	+	+	+	+	+	+	+	+	+	+	+	+	+	+	+	+	+	+	+	+	+	+	+	+	-	+	-	+	+	+	+	+	+
IdetCN	IDet -> CN -> IP	+	+	+	+	+	+	+	+	-	-	+	+	+	+	+	+	+	+	+	+	+	-	+	+	+	+	+	-	-	+	+	+	+	+	+	+	+	+	+	+	+	+	+	+	+	-	-	+	+	-	+	-	+	+	+	-	+	+
IdetIP	IDet -> IP	+	+	+	+	+	+	+	+	-	-	+	+	+	+	+	+	+	+	+	+	+	-	+	+	+	+	+	-	-	+	+	+	+	+	+	+	+	+	+	+	+	+	+	+	+	-	-	+	+	-	+	-	+	+	+	-	+	+
IdetQuant	IQuant -> Num -> IDet	+	+	-	+	+	+	+	+	-	-	+	+	+	+	+	+	+	+	+	+	+	-	+	+	+	+	+	-	-	+	+	+	+	+	+	+	+	+	+	+	+	+	-	+	+	-	-	+	+	-	+	-	+	+	+	-	+	+
ImpP3	NP -> VP -> Utt	-	-	+	-	-	-	-	-	-	-	-	-	+	+	-	+	+	+	+	+	+	-	+	-	-	+	+	-	+	+	-	-	+	+	+	-	-	+	-	+	+	-	-	+	+	-	-	-	-	-	-	-	+	-	-	-	+	+
ImpPl1	VP -> Utt	+	-	+	-	+	+	+	+	-	-	+	+	+	+	+	+	+	+	+	+	+	-	+	+	+	+	+	-	+	+	+	-	+	+	+	+	+	+	+	+	+	+	+	+	+	-	-	-	+	-	+	-	+	+	+	-	+	+
ImpVP	VP -> Imp	+	+	+	+	+	+	+	+	-	-	+	+	-	+	+	+	+	+	+	-	+	-	+	+	+	+	-	-	-	+	+	+	+	+	+	+	+	+	+	+	+	+	+	+	+	-	+	+	+	-	+	-	+	+	+	-	+	+
ImpersCl	VP -> Cl	+	-	+	+	+	+	+	+	-	-	+	+	+	+	+	+	+	+	+	+	+	-	+	+	+	+	+	-	+	+	+	+	+	+	+	+	+	+	+	+	+	+	-	+	+	-	-	+	+	-	+	-	+	+	+	-	+	+
IndefArt	Quant	+	+	+	+	+	+	+	+	+	+	+	+	+	+	+	+	+	+	+	+	+	+	+	+	+	+	+	+	+	+	+	+	+	+	+	+	+	+	+	+	+	+	+	+	+	+	+	+	+	+	+	-	-	+	+	+	+	+
MassNP	CN -> NP	+	+	+	+	+	+	+	+	+	+	+	+	+	+	+	+	+	+	+	-	+	+	+	+	+	+	+	+	+	+	+	+	+	+	+	+	+	+	+	+	+	+	+	+	+	+	+	+	+	+	+	-	-	+	+	+	+	+
NoPConj	PConj	+	+	+	+	+	+	+	+	+	+	+	+	+	+	+	+	+	+	+	+	+	+	+	+	+	+	+	+	+	+	+	+	+	+	+	+	+	+	+	+	+	+	+	+	+	+	+	+	+	+	+	-	+	+	+	+	+	+
NoVoc	Voc	+	+	+	+	+	+	+	+	+	+	+	+	+	+	+	+	+	+	+	+	+	+	+	+	+	+	+	+	+	+	+	+	+	+	+	+	+	+	+	+	+	+	+	+	+	+	+	+	+	+	+	-	+	+	+	+	+	+
NumCard	Card -> Num	+	+	+	+	+	+	+	+	+	+	+	+	+	+	+	+	+	+	+	-	+	+	+	+	+	+	+	+	+	+	+	+	+	+	+	+	+	+	+	+	+	+	+	+	+	+	+	+	+	+	+	-	-	+	+	+	+	+
NumDigits	Digits -> Card	+	+	+	+	+	+	+	+	+	+	+	+	+	+	+	+	+	+	+	-	+	+	+	+	+	+	+	+	-	+	+	+	+	+	+	+	+	+	+	+	+	+	+	+	+	+	-	-	+	+	+	-	-	+	+	+	+	+
NumNumeral	Numeral -> Card	+	+	+	+	+	+	+	+	+	+	+	+	+	+	+	+	+	+	+	-	+	+	+	+	+	+	+	+	+	+	+	+	+	+	+	+	+	+	+	+	+	+	+	+	+	+	+	+	+	+	+	-	-	+	+	+	+	+
NumPl	Num	+	+	+	+	+	+	+	+	+	+	+	+	+	+	+	+	+	+	+	+	+	+	+	+	+	+	+	+	+	+	+	+	+	+	+	+	+	+	+	+	+	+	+	+	+	+	+	+	+	+	+	-	-	+	+	+	+	+
NumSg	Num	+	+	+	+	+	+	+	+	+	+	+	+	+	+	+	+	+	+	+	+	+	+	+	+	+	+	+	+	+	+	+	+	+	+	+	+	+	+	+	+	+	+	+	+	+	+	+	+	+	+	+	+	-	+	+	+	+	+
OrdDigits	Digits -> Ord	+	+	+	+	+	+	+	+	-	-	+	+	+	+	+	+	+	+	+	-	+	-	+	+	+	+	+	-	-	+	+	-	+	+	+	+	+	+	+	+	+	+	+	+	+	-	-	-	+	+	+	-	-	+	+	-	+	+
OrdNumeral	Numeral -> Ord	+	+	+	+	+	+	+	+	-	-	+	+	+	+	+	+	+	+	+	-	+	-	+	+	+	+	+	-	+	+	+	+	+	+	+	+	+	+	+	+	+	+	+	+	+	-	-	+	+	+	+	-	-	+	+	-	+	+
OrdNumeralSuperl	Numeral -> A -> Ord	-	-	-	-	+	-	+	+	-	-	+	+	+	+	-	+	+	+	-	-	-	-	+	-	+	+	+	-	-	-	-	+	-	-	-	+	+	-	-	+	-	-	+	+	-	-	-	-	+	+	+	-	-	-	+	-	-	+
OrdSuperl	A -> Ord	+	+	+	+	+	+	+	+	+	-	+	+	+	+	+	+	+	+	+	-	+	+	+	+	+	+	+	+	-	+	+	+	+	+	+	+	+	+	+	+	+	+	+	+	+	-	-	+	+	+	+	-	-	+	+	+	+	+
PConjConj	Conj -> PConj	+	-	+	-	+	+	+	+	+	+	+	+	+	+	+	+	+	+	+	-	+	-	+	+	+	+	+	-	+	+	+	-	+	+	+	+	+	+	+	+	+	+	+	+	+	+	-	+	+	+	+	-	+	+	+	+	+	+
PNeg	Pol	+	+	+	+	+	+	+	+	+	+	+	+	+	+	+	+	+	+	+	+	+	+	+	+	+	+	+	+	+	+	+	+	+	+	+	+	+	+	+	+	+	+	+	+	+	+	+	+	+	+	+	+	+	+	+	+	+	+
PPartNP	NP -> V2 -> NP	+	+	-	-	+	+	+	+	-	-	+	+	-	+	+	+	+	+	+	-	+	-	+	+	+	+	-	-	-	+	+	-	+	+	+	+	+	+	+	+	+	+	+	+	+	-	-	-	+	-	+	-	-	+	+	-	+	+
PPos	Pol	+	+	+	+	+	+	+	+	+	+	+	+	+	+	+	+	+	+	+	+	+	+	+	+	+	+	+	+	+	+	+	+	+	+	+	+	+	+	+	+	+	+	+	+	+	+	+	+	+	+	+	+	+	+	+	+	+	+
PartNP	CN -> NP -> CN	-	-	-	-	+	+	+	+	-	-	+	-	+	+	-	+	+	-	+	-	+	-	+	-	+	+	+	-	-	-	+	-	+	-	-	+	+	-	-	+	-	-	+	+	-	-	-	+	+	+	+	-	-	-	+	-	+	+
PassV2	V2 -> VP	+	+	+	+	+	+	+	+	-	-	+	+	-	+	+	+	+	+	+	-	+	-	+	+	+	+	-	-	+	+	+	+	+	+	+	+	+	+	+	+	+	+	-	+	+	-	-	+	+	-	+	-	+	+	+	-	+	+
PhrUtt	PConj -> Utt -> Voc -> Phr	+	+	+	+	+	+	+	+	+	+	+	+	+	+	+	+	+	+	+	+	+	+	+	+	+	+	+	+	+	+	+	+	+	+	+	+	+	+	+	+	+	+	+	+	+	+	+	+	+	+	+	-	+	+	+	+	+	+
PositA	A -> AP	+	+	+	+	+	+	+	+	+	+	+	+	+	+	+	+	+	+	+	-	+	+	+	+	+	+	+	+	+	+	+	+	+	+	+	+	+	+	+	+	+	+	+	+	+	+	+	+	+	+	+	-	+	+	+	+	+	+
PositAdAAdj	A -> AdA	+	-	-	-	+	+	+	+	-	-	+	+	+	+	+	+	+	+	+	-	+	-	+	-	+	+	+	-	+	-	-	-	+	+	-	+	+	-	-	+	-	-	-	+	-	-	-	-	+	+	+	-	+	-	-	-	+	+
PositAdvAdj	A -> Adv	+	+	+	+	+	+	+	+	-	-	+	+	+	+	+	+	+	+	+	-	+	-	+	+	+	+	+	-	+	+	+	-	+	+	+	+	+	+	+	+	+	+	-	+	+	-	-	-	+	+	+	-	+	+	+	-	+	+
PossNP	CN -> NP -> CN	-	-	+	+	+	+	+	+	-	-	+	+	+	+	+	+	+	+	+	-	+	-	+	-	+	+	+	-	-	-	+	+	+	-	-	+	+	+	-	+	-	-	+	+	-	-	-	+	+	+	+	-	-	-	+	-	+	+
PossPron	Pron -> Quant	+	+	+	+	+	+	+	+	+	+	+	+	+	+	+	+	+	+	+	-	+	+	+	+	+	+	+	+	+	+	+	+	+	+	+	+	+	+	+	+	+	+	+	+	+	+	+	+	+	+	+	-	-	+	+	+	+	+
PredSCVP	SC -> VP -> Cl	+	-	+	-	+	+	+	+	-	-	+	+	-	+	+	+	+	+	+	-	+	-	+	+	+	+	-	+	-	+	+	-	+	+	+	+	+	+	+	+	+	+	-	+	+	-	-	-	+	-	+	-	+	+	+	-	+	+
PredVP	NP -> VP -> Cl	+	+	+	+	+	+	+	+	+	+	+	+	+	+	+	+	+	+	+	+	+	+	+	+	+	+	+	+	+	+	+	+	+	+	+	+	+	+	+	+	+	+	+	+	+	+	+	+	+	+	+	-	+	+	+	+	+	+
PredetNP	Predet -> NP -> NP	+	+	-	+	+	+	+	+	-	-	+	+	+	+	+	+	+	+	+	-	+	+	+	+	+	+	+	+	+	+	+	-	+	+	+	+	+	+	+	+	+	+	+	+	+	-	-	+	+	+	+	-	-	+	+	-	+	+
PrepIP	Prep -> IP -> IAdv	+	-	+	+	+	+	+	+	-	-	+	+	+	+	+	+	+	+	+	+	+	-	+	+	+	+	+	-	-	+	+	-	+	+	+	+	+	+	+	+	+	+	-	+	+	-	-	+	+	-	+	-	+	+	+	-	+	+
PrepNP	Prep -> NP -> Adv	+	+	+	+	+	+	+	+	+	+	+	+	+	+	+	+	+	+	+	+	+	+	+	+	+	+	+	+	+	+	+	+	+	+	+	+	+	+	+	+	+	+	+	+	+	+	+	+	+	+	+	-	+	+	+	+	+	+
ProgrVP	VP -> VP	+	-	+	-	+	+	+	+	-	-	+	+	+	+	+	+	+	+	+	+	+	-	+	+	+	+	+	-	+	+	+	-	+	+	+	+	+	+	+	+	+	+	-	+	+	-	-	+	+	-	+	-	+	+	+	-	+	+
QuestCl	Cl -> QCl	+	+	+	+	+	+	+	+	+	+	+	+	+	+	+	+	+	+	+	+	+	-	+	+	+	+	+	-	+	+	+	+	+	+	+	+	+	+	+	+	+	+	+	+	+	+	+	+	+	-	+	-	+	+	+	+	+	+
QuestIAdv	IAdv -> Cl -> QCl	+	+	-	+	+	+	+	+	-	-	+	+	+	+	+	+	+	+	+	+	+	-	+	+	+	+	+	-	+	+	+	+	+	+	+	+	+	+	+	+	+	+	+	+	+	-	+	+	+	-	+	-	+	+	+	-	+	+
QuestIComp	IComp -> NP -> QCl	+	-	-	+	+	+	+	+	-	-	+	+	+	+	+	+	+	+	+	+	+	-	+	+	+	+	+	-	+	+	+	+	+	+	+	+	+	+	+	+	+	+	+	+	+	-	+	+	+	-	+	-	+	+	+	-	+	+
QuestQVP	IP -> QVP -> QCl	-	-	-	+	-	-	+	-	-	-	+	-	+	+	-	-	+	-	+	+	-	-	+	-	+	+	+	-	-	-	-	-	+	+	+	+	+	-	-	+	-	-	-	-	-	-	-	-	+	-	+	-	+	-	-	-	-	+
QuestSlash	IP -> ClSlash -> QCl	+	-	-	+	+	+	+	+	-	-	+	+	+	+	+	+	+	+	+	+	+	-	+	+	+	+	+	-	-	+	+	+	+	+	+	+	+	+	+	+	+	+	+	+	+	-	+	+	+	-	+	-	+	+	+	-	+	+
QuestVP	IP -> VP -> QCl	+	+	+	+	+	+	+	+	-	-	+	+	+	+	+	+	+	+	+	+	+	-	+	+	+	+	+	-	+	+	+	+	+	+	+	+	+	+	+	+	+	+	+	+	+	-	+	+	+	-	+	-	+	+	+	-	+	+
ReflA2	A2 -> AP	+	-	+	+	+	+	+	+	-	-	+	+	+	+	+	+	+	+	+	-	+	-	+	+	+	+	+	-	+	+	+	-	+	+	+	+	+	+	+	+	+	+	-	+	+	-	-	-	+	+	+	-	+	+	+	-	+	+
ReflVP	VPSlash -> VP	+	-	+	+	+	+	+	+	-	-	+	+	-	+	+	+	+	+	+	-	+	-	+	+	+	+	-	-	-	+	+	-	+	+	+	+	+	+	+	+	+	+	-	+	+	-	+	+	+	-	+	-	+	+	+	-	+	+
RelCN	CN -> RS -> CN	+	-	+	+	+	+	+	+	+	+	+	+	+	+	+	+	+	+	+	-	+	+	+	+	+	+	+	+	-	+	+	+	+	+	+	+	+	+	+	+	+	+	+	+	+	+	-	+	+	+	+	-	-	+	+	+	+	+
RelCl	Cl -> RCl	+	-	-	+	+	+	+	+	-	-	+	+	+	+	+	+	+	+	+	+	+	-	+	+	+	+	+	+	-	+	+	-	+	+	+	+	+	+	+	+	+	+	+	+	+	-	+	-	+	-	+	-	+	+	+	-	+	+
RelNP	NP -> RS -> NP	+	-	+	+	+	+	+	+	-	-	+	+	+	+	+	+	+	+	+	-	+	+	+	+	+	+	+	-	+	+	+	+	+	+	+	+	+	+	+	+	+	+	+	+	+	-	-	+	+	+	+	-	-	+	+	-	+	+
RelS	S -> RS -> S	+	-	+	-	+	+	+	+	-	-	+	+	-	+	+	+	+	+	+	-	+	-	+	+	+	+	-	-	-	-	+	-	+	+	+	+	+	+	+	+	+	+	-	+	+	-	-	-	+	-	+	-	+	+	-	-	+	+
RelSlash	RP -> ClSlash -> RCl	+	-	+	+	+	+	+	+	-	-	+	+	+	+	+	+	+	+	+	+	+	+	+	+	+	+	+	+	+	+	+	+	+	+	+	+	+	+	+	+	+	+	+	+	+	-	+	+	+	-	+	-	+	+	+	-	+	+
RelVP	RP -> VP -> RCl	+	-	+	+	+	+	+	+	+	+	+	+	+	+	+	+	+	+	+	+	+	+	+	+	+	+	+	+	+	+	+	+	+	+	+	+	+	+	+	+	+	+	+	+	+	+	+	+	+	-	+	-	+	+	+	+	+	+
SSubjS	S -> Subj -> S -> S	-	+	-	-	+	+	+	+	-	-	+	+	-	+	-	+	+	+	+	-	+	-	+	-	+	+	-	-	-	-	-	-	+	+	+	+	+	+	-	+	+	-	-	+	+	-	-	+	+	-	+	-	+	+	-	-	+	+
SelfAdVVP	VP -> VP	-	-	+	+	-	-	-	+	-	-	-	-	+	+	-	+	+	+	-	+	-	-	+	-	-	+	+	-	+	-	-	-	+	-	-	-	-	-	-	+	-	-	-	+	-	-	-	-	+	-	+	-	+	-	-	-	-	+
SelfAdvVP	VP -> VP	-	-	+	+	-	-	-	+	-	-	-	-	+	+	-	+	+	+	-	+	-	-	+	-	-	+	+	-	+	-	-	-	+	-	-	-	-	-	-	+	-	-	-	+	-	-	-	-	+	-	+	-	+	-	-	-	-	+
SelfNP	NP -> NP	-	-	+	+	-	-	-	+	-	-	-	-	+	+	-	+	+	+	-	+	-	-	+	-	-	+	+	-	+	-	-	-	+	-	-	-	-	-	-	+	-	-	-	+	-	-	-	-	-	-	+	-	+	-	-	-	-	+
SentAP	AP -> SC -> AP	+	-	+	+	+	+	+	+	-	-	+	+	+	+	+	+	+	+	+	-	+	-	+	+	+	+	+	-	+	+	+	-	+	+	+	+	+	+	+	+	+	+	-	+	+	-	-	+	+	+	+	-	+	+	+	-	+	+
SentCN	CN -> SC -> CN	+	-	+	+	+	+	+	+	-	-	+	+	+	+	+	+	+	+	+	-	+	-	+	+	+	+	+	+	-	+	+	-	+	+	+	+	+	+	+	+	+	+	+	+	+	-	-	-	+	+	+	-	-	+	+	-	+	+
Slash2V3	V3 -> NP -> VPSlash	+	-	+	+	+	+	+	+	-	-	+	+	-	+	+	+	+	+	+	-	+	-	+	+	+	+	-	-	+	+	+	+	+	+	+	+	+	+	+	+	+	+	+	+	+	-	+	+	+	-	+	-	+	+	+	-	+	+
Slash3V3	V3 -> NP -> VPSlash	+	+	+	+	+	+	+	+	-	-	+	+	-	+	+	+	+	+	+	-	+	-	+	+	+	+	-	-	+	+	+	+	+	+	+	+	+	+	+	+	+	+	+	+	+	-	+	+	+	-	+	-	+	+	+	-	+	+
SlashPrep	Cl -> Prep -> ClSlash	+	-	+	-	-	+	+	+	-	-	+	+	-	+	+	+	+	+	+	-	+	-	+	+	+	+	-	-	+	+	+	+	+	+	+	+	+	+	+	+	+	+	-	+	+	-	-	-	+	-	+	-	+	+	+	-	+	+
SlashV2A	V2A -> AP -> VPSlash	+	-	-	-	+	+	+	+	-	-	+	+	-	+	+	+	+	+	+	-	+	-	+	+	+	+	-	-	+	+	+	+	+	+	+	+	+	+	+	+	+	+	-	+	+	-	-	+	+	-	+	-	+	+	+	-	+	+
SlashV2Q	V2Q -> QS -> VPSlash	+	-	+	-	+	+	+	+	-	-	+	+	-	+	+	+	+	+	+	-	+	-	+	+	+	+	-	-	+	+	+	-	+	+	+	+	+	+	+	+	+	+	-	+	+	-	-	-	+	-	+	-	+	+	+	-	+	+
SlashV2S	V2S -> S -> VPSlash	+	-	+	+	+	+	+	+	-	-	+	+	-	+	+	+	+	+	+	-	+	-	+	+	+	+	-	-	-	+	+	-	+	+	+	+	+	+	+	+	+	+	-	+	+	-	-	+	+	-	+	-	+	+	+	-	+	+
SlashV2V	V2V -> VP -> VPSlash	+	-	+	+	+	+	+	+	-	-	+	+	-	+	+	+	+	+	+	-	+	-	+	+	+	+	-	-	-	+	+	-	+	+	+	+	+	+	+	+	+	+	-	+	+	-	-	-	+	-	+	-	+	+	+	-	+	+
SlashV2VNP	V2V -> NP -> VPSlash -> VPSlash	+	-	+	+	+	+	+	+	-	-	+	+	-	+	+	+	+	+	+	-	+	-	+	+	+	+	-	-	-	+	+	-	+	+	+	+	+	+	+	+	+	+	-	+	+	-	-	-	+	-	+	-	+	+	+	-	+	+
SlashV2a	V2 -> VPSlash	+	+	+	+	+	+	+	+	+	+	+	+	-	+	+	+	+	+	+	+	+	+	+	+	+	+	-	+	+	+	+	+	+	+	+	+	+	+	+	+	+	+	+	+	+	+	+	+	+	-	+	-	+	+	+	+	+	+
SlashVP	NP -> VPSlash -> ClSlash	+	+	+	+	+	+	+	+	-	-	+	+	-	+	+	+	+	+	+	-	+	+	+	+	+	+	-	-	+	+	+	+	+	+	+	+	+	+	+	+	+	+	+	+	+	-	+	+	+	-	+	-	+	+	+	-	+	+
SlashVS	NP -> VS -> SSlash -> ClSlash	+	-	+	-	-	+	+	+	-	-	+	+	-	+	+	+	+	+	+	-	+	-	+	+	+	+	-	-	-	+	+	-	+	+	+	+	+	+	+	+	+	+	-	+	+	-	-	-	+	-	+	-	+	+	+	-	+	+
SlashVV	VV -> VPSlash -> VPSlash	+	-	-	+	+	+	+	+	-	-	+	+	-	+	+	+	+	+	+	-	+	-	+	+	+	+	-	-	-	+	+	+	+	+	+	+	+	+	+	+	+	+	+	+	+	-	-	-	+	-	+	-	+	+	+	-	+	+
SubjS	Subj -> S -> Adv	+	-	+	+	+	+	+	+	-	-	+	+	+	+	+	+	+	+	+	-	+	-	+	+	+	+	+	-	+	+	+	+	+	+	+	+	+	+	+	+	+	+	+	+	+	-	-	+	+	+	+	-	+	+	+	-	+	+
TCond	Tense	+	+	+	+	+	+	+	+	-	-	+	+	+	+	+	+	+	+	+	+	+	+	+	+	+	+	+	+	+	+	+	+	+	+	+	+	+	+	+	+	+	+	+	+	+	-	+	+	+	+	+	+	+	+	+	-	+	+
TEmpty	Text	+	+	+	+	+	+	+	+	+	+	+	+	+	+	+	+	+	+	+	+	+	+	+	+	+	+	+	+	+	+	+	+	+	+	+	+	+	+	+	+	+	+	+	+	+	+	+	+	+	+	+	+	+	+	+	+	+	+
TExclMark	Phr -> Text -> Text	+	+	+	+	+	+	+	+	+	+	+	+	+	+	+	+	+	+	+	+	+	+	+	+	+	+	+	+	+	+	+	+	+	+	+	+	+	+	+	+	+	+	+	+	+	+	+	+	+	+	+	+	+	+	+	+	+	+
TFullStop	Phr -> Text -> Text	+	+	+	+	+	+	+	+	+	+	+	+	+	+	+	+	+	+	+	+	+	+	+	+	+	+	+	+	+	+	+	+	+	+	+	+	+	+	+	+	+	+	+	+	+	+	+	+	+	+	+	+	+	+	+	+	+	+
TFut	Tense	+	+	+	+	+	+	+	+	-	-	+	+	+	+	+	+	+	+	+	+	+	+	+	+	+	+	+	+	+	+	+	+	+	+	+	+	+	+	+	+	+	+	+	+	+	-	+	+	+	+	+	+	+	+	+	-	+	+
TPast	Tense	+	+	+	+	+	+	+	+	+	-	+	+	+	+	+	+	+	+	+	+	+	+	+	+	+	+	+	+	+	+	+	+	+	+	+	+	+	+	+	+	+	+	+	+	+	-	+	+	+	+	+	+	+	+	+	+	+	+
TPres	Tense	+	+	+	+	+	+	+	+	+	+	+	+	+	+	+	+	+	+	+	+	+	+	+	+	+	+	+	+	+	+	+	+	+	+	+	+	+	+	+	+	+	+	+	+	+	+	+	+	+	+	+	+	+	+	+	+	+	+
TQuestMark	Phr -> Text -> Text	+	+	+	+	+	+	+	+	+	+	+	+	+	+	+	+	+	+	+	+	+	+	+	+	+	+	+	+	+	+	+	+	+	+	+	+	+	+	+	+	+	+	+	+	+	+	+	+	+	+	+	+	+	+	+	+	+	+
TTAnt	Tense -> Ant -> Temp	+	+	+	+	+	+	+	+	+	+	+	+	+	+	+	+	+	+	+	+	+	+	+	+	+	+	+	+	+	+	+	+	+	+	+	+	+	+	+	+	+	+	+	+	+	+	+	+	+	+	+	+	+	+	+	+	+	+
Use2N3	N3 -> N2	+	+	+	+	+	+	+	+	-	-	+	+	+	+	+	+	+	+	+	-	+	-	+	+	+	+	+	-	-	+	+	-	+	+	+	+	+	+	+	+	+	+	+	+	+	-	-	+	+	+	+	-	-	+	+	-	+	+
Use3N3	N3 -> N2	+	+	+	+	+	+	+	+	-	-	+	+	+	+	+	+	+	+	+	-	+	-	+	+	+	+	+	-	-	+	+	-	+	+	+	+	+	+	+	+	+	+	+	+	+	-	-	+	+	+	+	-	-	+	-	-	+	+
UseA2	A2 -> AP	+	-	+	+	+	+	+	+	+	+	+	+	+	+	+	+	+	+	+	-	+	+	+	+	+	+	+	+	+	+	+	+	+	+	+	+	+	+	+	+	+	+	-	+	+	+	-	+	+	+	+	-	+	+	+	+	+	+
UseCl	Temp -> Pol -> Cl -> S	+	+	+	+	+	+	+	+	+	+	+	+	+	+	+	+	+	+	+	+	+	+	+	+	+	+	+	+	+	+	+	+	+	+	+	+	+	+	+	+	+	+	+	+	+	+	+	+	+	+	+	-	+	+	+	+	+	+
UseComp	Comp -> VP	+	+	+	+	+	+	+	+	+	+	+	+	-	+	+	+	+	+	+	-	+	+	+	+	+	+	-	+	+	+	+	+	+	+	+	+	+	+	+	+	+	+	+	+	+	+	+	+	+	-	+	-	+	+	+	+	+	+
UseComparA	A -> AP	+	+	+	+	+	+	+	+	+	+	+	+	+	+	+	+	+	+	+	-	+	+	+	+	+	+	+	+	+	+	+	-	+	+	+	+	+	+	+	+	+	+	+	+	+	+	+	+	+	+	+	-	+	+	+	+	+	+
UseCopula	VP	-	-	+	+	+	+	+	+	-	-	+	+	-	+	-	+	+	+	+	-	-	+	+	-	+	+	-	+	+	-	-	+	+	+	-	+	+	-	-	+	-	+	+	+	-	-	-	+	+	-	+	-	+	-	-	-	-	+
UseN	N -> CN	+	+	+	+	+	+	+	+	+	+	+	+	+	+	+	+	+	+	+	+	+	+	+	+	+	+	+	+	+	+	+	+	+	+	+	+	+	+	+	+	+	+	+	+	+	+	+	+	+	+	+	+	+	+	+	+	+	+
UseN2	N2 -> CN	+	+	+	+	+	+	+	+	-	-	+	+	+	+	+	+	+	+	+	-	+	+	+	+	+	+	+	+	+	+	+	+	+	+	+	+	+	+	+	+	+	+	+	+	+	-	-	+	+	+	+	-	-	+	+	-	+	+
UsePN	PN -> NP	+	+	+	+	+	+	+	+	+	+	+	+	+	+	+	+	+	+	+	+	+	+	+	+	+	+	+	+	+	+	+	+	+	+	+	+	+	+	+	+	+	+	+	+	+	+	+	+	+	+	+	-	-	+	+	+	+	+
UsePron	Pron -> NP	+	+	+	+	+	+	+	+	+	+	+	+	+	+	+	+	+	+	+	+	+	+	+	+	+	+	+	+	+	+	+	+	+	+	+	+	+	+	+	+	+	+	+	+	+	+	+	+	+	+	+	-	-	+	+	+	+	+
UseQCl	Temp -> Pol -> QCl -> QS	+	+	+	+	+	+	+	+	+	+	+	+	-	+	+	+	+	+	+	-	+	+	+	+	+	+	-	+	+	+	+	+	+	+	+	+	+	+	+	+	+	+	+	+	+	+	+	+	+	-	+	-	+	+	+	+	+	+
UseRCl	Temp -> Pol -> RCl -> RS	+	-	+	+	+	+	+	+	+	+	+	+	-	+	+	+	+	+	+	-	+	+	+	+	+	+	-	+	+	+	+	+	+	+	+	+	+	+	+	+	+	+	+	+	+	+	-	+	+	-	+	-	+	+	+	+	+	+
UseSlash	Temp -> Pol -> ClSlash -> SSlash	+	-	+	+	+	+	+	+	-	-	+	+	-	+	+	+	+	+	+	-	+	-	+	+	+	+	-	-	-	+	+	-	+	+	+	+	+	+	+	+	+	+	-	+	+	-	-	+	+	-	+	-	+	+	+	-	+	+
UseV	V -> VP	+	+	+	+	+	+	+	+	+	+	+	+	+	+	+	+	+	+	+	+	+	+	+	+	+	+	+	+	+	+	+	+	+	+	+	+	+	+	+	+	+	+	+	+	+	+	+	+	+	+	+	-	+	+	+	+	+	+
UttAP	AP -> Utt	+	+	-	+	+	+	+	+	+	+	+	+	+	+	+	+	+	+	+	-	+	+	+	+	+	+	+	+	+	+	+	+	+	+	+	+	+	+	+	+	+	+	+	+	+	+	+	+	+	-	+	-	+	+	+	+	+	+
UttAdv	Adv -> Utt	+	+	+	+	+	+	+	+	+	+	+	+	+	+	+	+	+	+	+	+	+	+	+	+	+	+	+	+	+	+	+	-	+	+	+	+	+	+	+	+	+	+	+	+	+	+	+	+	+	+	+	-	+	+	+	+	+	+
UttCN	CN -> Utt	+	+	-	+	+	+	+	+	+	+	+	+	+	+	+	+	+	+	+	-	+	+	+	+	+	+	+	+	+	+	+	-	+	+	+	+	+	+	+	+	+	+	+	+	+	+	+	+	+	+	+	-	+	+	+	+	+	+
UttCard	Card -> Utt	+	+	-	+	+	+	+	+	-	-	+	+	+	+	+	+	+	+	+	-	+	+	+	+	+	+	+	+	+	+	+	-	+	+	+	+	+	+	+	+	+	+	+	+	+	-	+	+	+	-	+	-	+	+	+	-	+	+
UttIAdv	IAdv -> Utt	+	+	-	+	+	+	+	+	-	-	+	+	+	+	+	+	+	+	+	-	+	+	+	+	+	+	+	+	+	+	+	+	+	+	+	+	+	+	+	+	+	+	+	+	+	-	+	+	+	+	+	-	+	+	+	-	+	+
UttIP	IP -> Utt	+	+	-	+	+	+	+	+	-	-	+	+	+	+	+	+	+	+	+	-	+	+	+	+	+	+	+	+	+	+	+	+	+	+	+	+	+	+	+	+	+	+	+	+	+	-	+	+	+	-	+	-	+	+	+	-	+	+
UttImpPl	Pol -> Imp -> Utt	+	+	-	+	+	+	+	+	-	-	+	+	+	+	+	+	+	+	+	-	+	-	+	+	+	+	+	-	+	+	+	-	+	+	+	+	+	+	+	+	+	+	+	+	+	-	+	+	+	-	+	-	+	+	+	-	+	+
UttImpPol	Pol -> Imp -> Utt	+	+	-	+	+	+	+	+	-	-	+	+	+	+	+	+	+	+	+	-	+	-	+	+	+	+	+	-	+	+	+	+	+	+	+	+	+	+	+	+	+	+	+	+	+	-	+	+	+	-	+	-	+	+	+	-	+	+
UttImpSg	Pol -> Imp -> Utt	+	+	-	+	+	+	+	+	-	-	+	+	+	+	+	+	+	+	+	-	+	-	+	+	+	+	+	-	+	+	+	+	+	+	+	+	+	+	+	+	+	+	+	+	+	-	+	+	+	-	+	-	+	+	+	-	+	+
UttInterj	Interj -> Utt	-	-	-	+	+	+	+	+	-	-	+	+	+	+	+	+	+	+	+	-	+	+	+	+	+	+	+	+	+	-	-	-	+	+	-	+	+	-	-	+	-	-	+	+	-	-	+	+	+	+	+	-	+	+	+	-	+	+
UttNP	NP -> Utt	+	+	+	+	+	+	+	+	+	+	+	+	+	+	+	+	+	+	+	+	+	+	+	+	+	+	+	+	+	+	+	+	+	+	+	+	+	+	+	+	+	+	+	+	+	+	+	+	+	+	+	-	+	+	+	+	+	+
UttQS	QS -> Utt	+	+	-	+	+	+	+	+	-	-	+	+	+	+	+	+	+	+	+	-	+	+	+	+	+	+	+	+	+	+	+	+	+	+	+	+	+	+	+	+	+	+	+	+	+	-	+	+	+	+	+	-	+	+	+	-	+	+
UttS	S -> Utt	+	+	+	+	+	+	+	+	+	+	+	+	+	+	+	+	+	+	+	-	+	+	+	+	+	+	+	+	+	+	+	+	+	+	+	+	+	+	+	+	+	+	+	+	+	+	+	+	+	+	+	-	+	+	+	+	+	+
UttVP	VP -> Utt	+	+	-	+	+	+	+	+	-	-	+	+	+	+	+	+	+	+	+	-	+	+	+	+	+	+	+	+	+	+	+	+	+	+	+	+	+	+	+	+	+	+	+	+	+	-	+	+	+	-	+	-	+	+	+	-	+	+
VPSlashPrep	VP -> Prep -> VPSlash	-	-	-	+	+	+	+	+	-	-	+	+	-	+	+	+	+	+	+	+	+	-	+	-	+	+	-	-	-	+	-	-	+	+	-	+	+	+	-	+	-	+	-	+	-	-	-	+	+	-	+	-	+	-	-	-	+	+
VocNP	NP -> Voc	+	+	+	-	+	+	+	+	+	+	+	+	+	+	+	+	+	+	+	-	+	-	+	+	+	+	+	-	+	+	+	-	+	+	+	+	+	+	+	+	+	+	+	+	+	+	-	+	+	-	+	-	+	+	+	+	+	+
above_Prep	Prep	+	+	+	+	+	+	+	+	-	-	+	+	+	+	+	+	+	+	+	+	+	+	+	+	+	+	+	-	+	+	+	-	+	+	+	+	+	+	+	+	+	+	+	+	+	-	-	+	+	+	+	-	+	+	+	-	+	+
active2passive	Cl -> Cl	+	+	+	+	+	+	+	+	+	+	+	+	+	+	+	+	+	+	+	+	+	+	+	+	+	+	+	+	+	+	+	+	+	+	+	+	+	+	+	+	+	+	+	+	+	+	+	+	+	+	+	+	+	+	+	+	+	+
after_Prep	Prep	+	+	+	+	+	+	+	+	-	-	+	+	+	+	+	+	+	+	+	+	+	-	+	+	+	+	+	-	+	+	+	-	+	+	+	+	+	+	+	+	+	+	+	+	+	-	-	-	+	+	+	-	+	+	+	-	+	+
all_Predet	Predet	+	+	-	+	+	+	+	+	-	-	+	+	+	+	+	+	+	+	+	-	+	-	+	+	+	+	+	+	+	+	+	-	+	+	+	+	+	+	+	+	+	+	+	+	+	-	-	+	+	+	+	-	+	+	+	-	+	+
almost_AdA	AdA	+	-	-	+	+	+	+	+	-	-	+	+	+	+	+	+	+	+	+	-	+	-	+	+	+	+	+	-	+	+	+	-	+	+	+	+	+	+	+	+	+	+	+	+	+	-	-	-	+	+	+	-	+	+	+	-	+	+
almost_AdN	AdN	+	-	-	+	+	+	+	+	-	-	+	+	+	+	+	+	+	+	+	-	+	-	+	+	+	+	+	-	+	+	+	-	+	+	+	+	+	+	+	+	+	+	+	+	+	-	-	-	+	+	+	-	+	+	+	-	+	+
although_Subj	Subj	+	+	+	-	+	+	+	+	-	-	+	+	+	+	+	+	+	+	+	+	+	-	+	+	+	+	+	-	+	+	+	-	+	+	+	+	+	+	+	+	+	+	+	+	+	-	+	-	+	+	+	-	+	+	+	-	+	+
always_AdV	AdV	+	+	+	-	+	+	+	+	-	-	+	+	+	+	+	+	+	+	+	-	+	-	+	+	+	+	+	+	+	+	+	-	+	+	+	+	+	+	+	+	+	+	+	+	+	-	-	-	+	+	+	-	+	+	+	-	+	+
and_Conj	Conj	+	+	+	+	+	+	+	+	+	+	+	+	+	+	+	+	+	+	+	-	+	+	+	+	+	+	+	+	+	+	+	+	+	+	+	+	+	+	+	+	+	+	+	+	+	+	+	+	+	+	+	-	+	+	+	+	+	+
as_CAdv	CAdv	+	+	-	-	+	+	+	+	-	-	+	+	+	+	+	+	+	+	+	-	+	+	+	-	+	+	+	-	+	+	+	-	+	+	+	-	-	+	+	+	+	+	+	+	+	-	-	-	+	-	+	-	+	+	+	-	+	+
at_least_AdN	AdN	+	-	-	-	+	+	+	+	-	-	+	+	+	+	+	+	+	+	+	-	+	-	+	-	+	+	+	-	+	+	+	-	+	+	+	-	-	+	+	+	+	+	+	+	+	-	-	-	+	+	+	-	+	+	+	-	+	+
at_most_AdN	AdN	+	-	-	-	+	+	+	+	-	-	+	+	+	+	+	+	+	+	+	-	+	-	+	-	+	+	+	-	+	+	+	-	+	+	+	-	-	+	+	+	+	+	+	+	+	-	-	-	+	+	+	-	+	+	+	-	+	+
because_Subj	Subj	+	+	+	-	+	+	+	+	-	-	+	+	+	+	+	+	+	+	+	+	+	-	+	+	+	+	+	-	+	+	+	-	+	+	+	+	+	+	+	+	+	+	+	+	+	-	+	-	+	+	+	-	+	+	+	-	+	+
before_Prep	Prep	+	+	+	+	+	+	+	+	-	-	+	+	+	+	+	+	+	+	+	+	+	-	+	+	+	+	+	-	+	+	+	-	+	+	+	+	+	+	+	+	+	+	+	+	+	-	-	-	+	+	+	-	+	+	+	-	+	+
behind_Prep	Prep	+	+	+	+	+	+	+	+	-	-	+	+	+	+	+	+	+	+	+	+	+	-	+	+	+	+	+	+	+	+	+	-	+	+	+	+	+	+	+	+	+	+	+	+	+	-	-	-	+	+	+	-	+	+	+	-	+	+
between_Prep	Prep	+	+	+	+	+	+	+	+	-	-	+	+	+	+	+	+	+	+	+	+	+	-	+	+	+	+	+	-	+	+	+	-	+	+	+	+	+	+	+	+	+	+	+	+	+	-	-	+	+	+	+	-	+	+	+	-	+	+
both7and_DConj	Conj	+	+	+	+	+	+	+	+	-	-	+	+	+	+	+	+	+	+	+	-	+	-	+	+	+	+	+	-	+	+	+	-	+	+	+	+	+	+	+	+	+	+	+	+	+	-	-	-	+	+	+	-	+	+	+	-	+	+
but_PConj	PConj	+	+	+	-	+	+	+	+	-	-	+	+	+	+	+	+	+	+	+	+	+	-	+	+	+	+	+	-	+	+	+	-	+	+	+	+	+	+	+	+	+	+	+	+	+	-	-	-	+	+	+	-	+	+	+	-	+	+
by8agent_Prep	Prep	+	+	+	+	+	+	+	+	-	+	+	+	+	+	+	+	+	+	+	+	+	+	+	+	+	+	+	+	+	+	+	+	+	+	+	+	+	+	+	+	+	+	+	+	+	+	-	-	+	+	+	-	+	+	+	-	+	+
by8means_Prep	Prep	+	+	+	+	+	+	+	+	-	-	+	+	+	+	+	+	+	+	+	+	+	+	+	+	+	+	+	+	+	+	+	+	+	+	+	+	+	+	+	+	+	+	+	+	+	-	-	-	+	+	+	-	+	+	+	-	+	+
can8know_VV	VV	+	-	-	-	+	+	+	+	-	-	+	+	-	+	+	+	+	+	+	-	+	-	+	+	+	+	-	-	+	+	+	-	+	+	+	+	+	-	+	+	+	+	+	+	+	-	-	+	+	-	+	-	+	+	+	-	+	+
can_VV	VV	+	-	-	+	+	+	+	+	-	-	+	+	-	+	+	+	+	+	+	-	+	-	+	+	+	+	-	-	+	+	+	+	+	+	+	+	+	+	+	+	+	+	+	+	+	-	+	+	+	-	+	-	+	+	+	-	+	+
dconcat	Digits -> Digits -> Digits	+	+	+	+	+	+	+	+	+	+	+	+	+	+	+	+	+	+	+	+	+	+	+	+	+	+	+	+	+	+	+	+	+	+	+	+	+	+	+	+	+	+	+	+	+	+	+	+	+	+	+	+	+	+	+	+	+	+
digits2num	Digits -> Numeral	+	+	+	+	+	+	+	+	+	+	+	+	+	+	+	+	+	+	+	+	+	+	+	+	+	+	+	+	+	+	+	+	+	+	+	+	+	+	+	+	+	+	+	+	+	+	+	+	+	+	+	+	+	+	+	+	+	+
digits2numeral	Card -> Card	+	+	+	+	+	+	+	+	+	+	+	+	+	+	+	+	+	+	+	+	+	+	+	+	+	+	+	+	+	+	+	+	+	+	+	+	+	+	+	+	+	+	+	+	+	+	+	+	+	+	+	+	+	+	+	+	+	+
dn	Dig -> Digit	+	+	+	+	+	+	+	+	+	+	+	+	+	+	+	+	+	+	+	+	+	+	+	+	+	+	+	+	+	+	+	+	+	+	+	+	+	+	+	+	+	+	+	+	+	+	+	+	+	+	+	+	+	+	+	+	+	+
dn10	Dig -> Sub10	+	+	+	+	+	+	+	+	+	+	+	+	+	+	+	+	+	+	+	+	+	+	+	+	+	+	+	+	+	+	+	+	+	+	+	+	+	+	+	+	+	+	+	+	+	+	+	+	+	+	+	+	+	+	+	+	+	+
dn100	Dig -> Dig -> Sub100	+	+	+	+	+	+	+	+	+	+	+	+	+	+	+	+	+	+	+	+	+	+	+	+	+	+	+	+	+	+	+	+	+	+	+	+	+	+	+	+	+	+	+	+	+	+	+	+	+	+	+	+	+	+	+	+	+	+
dn1000	Dig -> Dig -> Dig -> Sub1000	+	+	+	+	+	+	+	+	+	+	+	+	+	+	+	+	+	+	+	+	+	+	+	+	+	+	+	+	+	+	+	+	+	+	+	+	+	+	+	+	+	+	+	+	+	+	+	+	+	+	+	+	+	+	+	+	+	+
dn1000000a	Dig -> Dig -> Dig -> Dig -> Sub1000000	+	+	+	+	+	+	+	+	+	+	+	+	+	+	+	+	+	+	+	+	+	+	+	+	+	+	+	+	+	+	+	+	+	+	+	+	+	+	+	+	+	+	+	+	+	+	+	+	+	+	+	+	+	+	+	+	+	+
dn1000000b	Dig -> Dig -> Dig -> Dig -> Dig -> Sub1000000	+	+	+	+	+	+	+	+	+	+	+	+	+	+	+	+	+	+	+	+	+	+	+	+	+	+	+	+	+	+	+	+	+	+	+	+	+	+	+	+	+	+	+	+	+	+	+	+	+	+	+	+	+	+	+	+	+	+
dn1000000c	Dig -> Dig -> Dig -> Dig -> Dig -> Dig -> Sub1000000	+	+	+	+	+	+	+	+	+	+	+	+	+	+	+	+	+	+	+	+	+	+	+	+	+	+	+	+	+	+	+	+	+	+	+	+	+	+	+	+	+	+	+	+	+	+	+	+	+	+	+	+	+	+	+	+	+	+
during_Prep	Prep	+	-	+	+	+	+	+	+	-	-	+	+	+	+	+	+	+	+	+	+	+	-	+	+	+	+	+	-	+	+	+	-	+	+	+	+	+	+	+	+	+	+	+	+	+	-	-	-	+	+	+	-	+	+	+	-	+	+
either7or_DConj	Conj	+	+	+	-	+	+	+	+	-	-	+	+	+	+	+	+	+	+	+	-	+	+	+	+	+	+	+	-	+	+	+	-	+	+	+	+	+	+	+	+	+	+	+	+	+	-	-	+	+	+	+	-	+	+	+	-	+	+
every_Det	Det	+	+	+	+	+	+	+	+	-	-	+	+	+	+	+	+	+	+	+	-	+	-	+	+	+	+	+	-	+	+	+	+	+	+	+	+	+	+	+	+	+	+	+	+	+	-	-	-	+	+	+	-	+	+	+	-	+	+
everybody_NP	NP	+	+	-	+	+	+	+	+	-	-	+	+	+	+	+	+	+	+	+	-	+	-	-	+	+	+	+	-	+	+	+	-	+	+	+	+	+	-	+	+	+	+	+	+	-	-	-	-	+	+	+	-	+	+	+	-	+	+
everything_NP	NP	+	+	-	+	+	+	+	+	-	-	+	+	+	+	+	+	+	+	+	+	+	-	-	+	+	+	+	-	+	+	+	-	+	+	+	+	+	+	+	+	+	+	+	+	-	-	-	-	+	+	+	-	+	+	+	-	+	+
everywhere_Adv	Adv	+	+	+	-	+	+	+	+	-	-	+	+	+	+	+	+	+	+	+	+	+	-	+	+	+	+	+	-	+	+	+	-	+	+	+	+	+	+	+	+	+	+	+	+	+	-	-	-	+	+	+	-	+	+	+	-	+	+
except_Prep	Prep	+	-	+	-	+	-	+	+	-	-	+	+	+	+	+	+	+	+	+	+	+	-	+	-	+	+	+	-	+	+	+	-	+	+	+	-	-	+	+	+	+	+	+	+	+	-	-	-	+	+	+	-	+	+	+	-	+	+
few_Det	Det	+	+	+	+	+	+	+	+	-	+	+	+	+	+	+	+	+	+	+	-	+	+	+	+	+	+	+	+	+	+	+	-	+	+	+	+	+	+	+	+	+	+	+	+	+	+	-	-	+	+	+	-	+	+	+	-	+	+
for_Prep	Prep	+	+	+	+	+	+	+	+	+	+	+	+	+	+	+	+	+	+	+	+	+	+	+	+	+	+	+	+	+	+	+	-	+	+	+	+	+	+	+	+	+	+	+	+	+	+	-	-	+	+	+	-	+	+	+	+	+	+
from_Prep	Prep	+	+	+	+	+	+	+	+	+	+	+	+	+	+	+	+	+	+	+	+	+	-	+	+	+	+	+	-	+	+	-	-	+	+	+	+	+	+	+	+	+	+	+	+	+	+	-	-	+	+	+	-	+	+	+	+	+	+
have_V2	V2	+	+	-	+	+	+	+	+	+	+	+	+	-	+	+	+	+	+	+	-	+	+	+	-	+	+	-	+	+	+	+	+	+	+	+	+	+	+	+	+	+	+	+	+	+	+	+	+	+	-	+	-	+	+	+	+	+	+
he_Pron	Pron	+	+	+	+	+	+	+	+	+	+	+	+	+	+	+	+	+	+	+	+	+	+	+	+	+	+	+	+	+	+	+	+	+	+	+	+	+	+	+	+	+	+	+	+	+	+	+	+	+	+	+	-	+	+	+	+	+	+
here7from_Adv	Adv	+	+	+	+	+	+	+	+	-	-	+	+	+	+	+	+	+	+	+	+	+	-	+	+	+	+	+	-	+	+	+	-	+	+	+	+	+	+	+	+	+	+	+	+	+	-	-	-	+	+	+	-	+	+	+	-	+	+
here7to_Adv	Adv	+	+	+	+	+	+	+	+	-	-	+	+	+	+	+	+	+	+	+	-	+	-	+	+	+	+	+	-	+	+	+	-	+	+	+	+	+	+	+	+	+	+	+	+	+	-	-	-	+	+	+	-	+	+	+	-	+	+
here_Adv	Adv	+	+	+	+	+	+	+	+	-	-	+	+	+	+	+	+	+	+	+	-	+	-	+	+	+	+	+	-	+	+	+	-	+	+	+	+	+	+	+	+	+	+	+	+	+	-	+	-	+	+	+	-	+	+	+	-	+	+
how8many_IDet	IDet	+	+	+	+	+	+	+	+	-	-	+	+	-	+	+	+	+	+	+	+	+	-	-	+	+	+	-	-	+	+	+	+	+	+	+	+	+	+	+	+	+	+	+	+	+	-	-	-	+	-	+	-	+	+	+	-	+	+
how8much_IAdv	IAdv	+	-	-	+	+	+	+	+	-	-	-	+	+	+	+	+	+	+	+	+	+	-	+	-	+	+	+	-	+	+	-	-	+	+	+	-	-	+	-	+	+	+	+	+	+	-	+	-	+	+	+	-	+	+	+	-	+	+
how_IAdv	IAdv	+	+	+	+	+	+	+	+	-	-	+	+	+	+	+	+	+	+	+	+	+	-	+	+	+	+	+	-	+	+	+	+	+	+	+	+	+	+	+	+	+	+	+	+	+	-	-	+	+	+	+	-	+	+	+	-	+	+
i_Pron	Pron	+	+	+	+	+	+	+	+	+	+	+	+	+	+	+	+	+	+	+	+	+	+	+	+	+	+	+	+	+	+	+	+	+	+	+	+	+	+	+	+	+	+	+	+	+	+	+	+	+	+	+	-	+	+	+	+	+	+
if_Subj	Subj	+	-	+	+	+	+	+	+	-	-	+	+	+	+	+	+	+	+	+	+	+	-	+	+	+	+	+	-	+	+	+	+	+	+	+	+	+	+	+	+	+	+	+	+	+	-	+	-	+	+	+	-	+	+	+	-	+	+
if_then_Conj	Conj	+	-	-	-	+	-	+	+	-	-	+	+	+	+	+	+	+	+	+	-	-	-	+	-	+	+	+	-	+	+	+	-	+	+	+	-	-	+	+	+	+	+	+	+	+	-	-	-	+	+	+	-	+	+	-	-	+	+
in8front_Prep	Prep	+	+	-	+	+	+	+	+	-	-	+	+	+	+	+	+	+	+	+	-	+	-	+	+	+	+	+	-	+	+	+	-	+	+	+	+	+	+	+	+	+	+	+	+	+	-	-	+	+	+	+	-	+	+	+	-	+	+
in_Prep	Prep	+	+	+	+	+	+	+	+	+	+	+	+	+	+	+	+	+	+	+	-	+	+	+	+	+	+	+	+	+	+	+	+	+	+	+	+	+	+	+	+	+	+	+	+	+	+	+	+	+	+	+	-	+	+	+	+	+	+
it_Pron	Pron	+	+	+	+	+	+	+	+	+	+	+	+	+	+	+	+	+	+	+	+	+	-	+	+	+	+	+	-	+	+	+	+	+	+	+	+	+	+	+	+	+	+	+	+	+	+	+	+	+	+	+	-	+	+	+	+	+	+
language_title_Utt	Utt	+	+	+	+	+	+	+	+	-	-	+	+	+	+	+	+	+	+	+	-	+	+	-	+	+	+	+	+	+	+	+	+	+	+	+	+	+	+	+	+	+	-	+	+	+	-	-	+	+	+	+	-	+	-	+	-	+	+
less_CAdv	CAdv	+	+	-	-	+	+	+	+	-	-	+	+	+	+	+	+	+	+	+	-	+	-	+	+	+	+	+	-	+	+	+	-	+	+	+	+	+	+	+	+	+	+	+	+	+	-	-	-	+	-	+	-	+	+	+	-	+	+
many_Det	Det	+	+	+	+	+	+	+	+	-	+	+	+	+	+	+	+	+	+	+	-	+	+	-	+	+	+	+	+	+	+	+	-	+	+	+	+	+	+	+	+	+	+	+	+	+	+	-	-	+	+	+	-	+	+	+	-	+	+
more_CAdv	CAdv	+	+	-	-	+	+	+	+	-	-	+	+	+	+	+	+	+	+	+	-	+	-	+	+	+	+	+	-	+	+	+	-	+	+	+	+	+	+	+	+	+	+	+	+	+	-	-	-	+	-	+	-	+	+	+	-	+	+
most_Predet	Predet	+	+	-	+	+	+	+	+	-	-	+	+	-	+	+	+	+	+	+	-	+	-	+	+	+	+	+	-	+	+	+	-	+	+	+	+	+	+	+	+	+	+	+	+	+	-	-	+	+	+	+	-	+	+	+	-	+	+
much_Det	Det	+	+	+	+	+	+	+	+	-	-	+	+	+	+	+	+	+	+	+	-	+	-	-	+	+	+	+	-	+	+	+	-	+	+	+	+	+	+	+	+	+	+	+	+	+	-	-	-	+	+	+	-	+	+	+	-	+	+
must_VV	VV	+	-	-	+	+	+	+	+	-	-	+	+	-	+	+	+	+	+	+	-	-	-	+	+	+	+	-	-	+	+	+	+	+	+	+	+	+	+	+	+	-	+	+	+	-	-	+	+	+	-	+	-	+	+	+	-	-	+
n2	Digit	+	+	+	+	+	+	+	+	+	+	+	+	+	+	+	+	+	+	+	+	+	+	+	+	+	+	+	+	+	+	+	+	+	+	+	+	+	+	+	+	+	+	+	+	+	+	+	+	+	+	+	-	+	+	+	+	+	+
n3	Digit	+	+	+	+	+	+	+	+	+	+	+	+	+	+	+	+	+	+	+	+	+	+	+	+	+	+	+	+	+	+	+	+	+	+	+	+	+	+	+	+	+	+	+	+	+	+	+	+	+	+	+	-	+	+	+	+	+	+
n4	Digit	+	+	+	+	+	+	+	+	+	+	+	+	+	+	+	+	+	+	+	+	+	+	+	+	+	+	+	+	+	+	+	+	+	+	+	+	+	+	+	+	+	+	+	+	+	+	+	+	+	+	+	-	+	+	+	+	+	+
n5	Digit	+	+	+	+	+	+	+	+	+	+	+	+	+	+	+	+	+	+	+	+	+	+	+	+	+	+	+	+	+	+	+	+	+	+	+	+	+	+	+	+	+	+	+	+	+	+	+	+	+	+	+	-	+	+	+	+	+	+
n6	Digit	+	+	+	+	+	+	+	+	+	+	+	+	+	+	+	+	+	+	+	+	+	+	+	+	+	+	+	+	+	+	+	+	+	+	+	+	+	+	+	+	+	+	+	+	+	+	+	+	+	+	+	-	+	+	+	+	+	+
n7	Digit	+	+	+	+	+	+	+	+	+	+	+	+	+	+	+	+	+	+	+	+	+	+	+	+	+	+	+	+	+	+	+	+	+	+	+	+	+	+	+	+	+	+	+	+	+	+	+	+	+	+	+	-	+	+	+	+	+	+
n8	Digit	+	+	+	+	+	+	+	+	+	+	+	+	+	+	+	+	+	+	+	+	+	+	+	+	+	+	+	+	+	+	+	+	+	+	+	+	+	+	+	+	+	+	+	+	+	+	+	+	+	+	+	-	+	+	+	+	+	+
n9	Digit	+	+	+	+	+	+	+	+	+	+	+	+	+	+	+	+	+	+	+	+	+	+	+	+	+	+	+	+	+	+	+	+	+	+	+	+	+	+	+	+	+	+	+	+	+	+	+	+	+	+	+	-	+	+	+	+	+	+
nd	Digit -> Dig	+	+	+	+	+	+	+	+	+	+	+	+	+	+	+	+	+	+	+	+	+	+	+	+	+	+	+	+	+	+	+	+	+	+	+	+	+	+	+	+	+	+	+	+	+	+	+	+	+	+	+	+	+	+	+	+	+	+
nd10	Sub10 -> Digits	+	+	+	+	+	+	+	+	+	+	+	+	+	+	+	+	+	+	+	+	+	+	+	+	+	+	+	+	+	+	+	+	+	+	+	+	+	+	+	+	+	+	+	+	+	+	+	+	+	+	+	+	+	+	+	+	+	+
nd100	Sub100 -> Digits	+	+	+	+	+	+	+	+	+	+	+	+	+	+	+	+	+	+	+	+	+	+	+	+	+	+	+	+	+	+	+	+	+	+	+	+	+	+	+	+	+	+	+	+	+	+	+	+	+	+	+	+	+	+	+	+	+	+
nd1000	Sub1000 -> Digits	+	+	+	+	+	+	+	+	+	+	+	+	+	+	+	+	+	+	+	+	+	+	+	+	+	+	+	+	+	+	+	+	+	+	+	+	+	+	+	+	+	+	+	+	+	+	+	+	+	+	+	+	+	+	+	+	+	+
nd1000000	Sub1000000 -> Digits	+	+	+	+	+	+	+	+	+	+	+	+	+	+	+	+	+	+	+	+	+	+	+	+	+	+	+	+	+	+	+	+	+	+	+	+	+	+	+	+	+	+	+	+	+	+	+	+	+	+	+	+	+	+	+	+	+	+
no_Quant	Quant	+	-	-	-	+	-	+	+	-	-	+	+	-	+	+	+	+	+	+	-	-	-	-	-	+	+	+	-	+	+	+	-	+	+	+	-	-	+	+	+	+	+	+	+	+	-	-	-	+	+	+	-	+	+	+	-	+	+
no_Utt	Utt	+	-	+	+	+	+	+	+	-	-	+	+	+	+	+	+	+	+	+	+	+	+	+	+	+	+	+	+	+	+	+	-	+	+	+	+	+	+	+	+	+	+	+	+	+	-	-	+	+	+	+	-	+	+	+	-	+	+
nobody_NP	NP	+	-	+	-	+	-	+	+	-	-	+	+	+	+	+	+	+	+	+	-	-	-	-	-	+	+	+	-	+	+	+	-	+	+	+	-	-	+	+	+	+	+	+	+	-	-	+	-	+	+	+	-	+	+	+	-	+	+
not_Predet	Predet	+	-	-	-	+	-	+	+	-	-	+	+	+	+	+	+	+	+	+	-	+	-	+	-	+	+	+	-	+	-	+	-	+	+	+	-	-	+	+	+	+	+	+	+	+	-	-	-	+	+	+	-	+	+	+	-	+	+
nothing_NP	NP	+	-	+	+	+	-	+	+	-	-	+	+	+	+	+	+	+	+	+	-	-	-	-	-	+	+	+	-	+	+	+	-	+	+	+	-	-	+	+	+	+	+	+	+	-	-	+	-	+	+	+	-	+	+	+	-	+	+
num	Sub1000000 -> Numeral	+	+	+	+	+	+	+	+	+	+	+	+	+	+	+	+	+	+	+	+	+	+	+	+	+	+	+	+	+	+	+	+	+	+	+	+	+	+	+	+	+	+	+	+	+	+	+	+	+	+	+	-	+	+	+	+	+	+
num2digits	Numeral -> Digits	+	+	+	+	+	+	+	+	+	+	+	+	+	+	+	+	+	+	+	+	+	+	+	+	+	+	+	+	+	+	+	+	+	+	+	+	+	+	+	+	+	+	+	+	+	+	+	+	+	+	+	+	+	+	+	+	+	+
on_Prep	Prep	+	+	+	+	+	+	+	+	-	-	+	+	+	+	+	+	+	+	+	-	+	+	+	+	+	+	+	-	+	+	+	-	+	+	+	+	+	+	+	+	+	+	+	+	+	-	-	+	+	+	+	-	+	+	+	-	+	+
only_Predet	Predet	+	+	-	+	+	+	+	+	-	-	+	+	+	+	+	+	+	+	+	-	+	-	+	+	+	+	+	+	+	+	+	-	+	+	+	+	+	+	+	+	+	+	+	+	+	-	-	-	+	+	+	-	+	+	+	-	+	+
or_Conj	Conj	+	+	+	+	+	+	+	+	+	+	+	+	+	+	+	+	+	+	+	-	+	+	+	+	+	+	+	+	+	+	+	-	+	+	+	+	+	+	+	+	+	+	+	+	+	+	+	+	+	+	+	-	+	+	+	+	+	+
otherwise_PConj	PConj	+	+	-	-	+	+	+	+	-	-	+	+	+	+	+	+	+	+	+	-	+	-	+	+	+	+	+	-	+	+	+	-	+	+	+	+	+	+	+	+	+	+	+	+	+	-	-	-	+	+	+	-	+	+	+	-	+	+
part_Prep	Prep	+	-	+	+	+	+	+	+	-	-	+	+	+	+	+	+	+	+	+	-	+	-	+	+	+	+	+	+	+	+	+	-	+	+	+	+	+	+	+	+	+	+	+	+	+	-	-	-	+	+	+	-	+	+	+	-	+	+
please_Voc	Voc	+	+	-	-	+	+	+	+	-	-	+	+	+	+	+	+	+	+	+	-	+	-	+	+	+	+	+	-	+	+	+	-	+	+	+	+	+	+	+	+	+	+	+	+	+	-	-	-	+	+	+	-	+	+	+	-	+	+
possess_Prep	Prep	+	-	+	+	+	+	+	+	+	+	+	+	+	+	+	+	+	+	+	-	+	-	+	+	+	+	+	+	+	+	+	+	+	+	+	+	+	+	+	+	+	+	+	+	+	+	-	-	+	+	+	-	+	+	+	+	+	+
pot0	Digit -> Sub10	+	+	+	+	+	+	+	+	+	+	+	+	+	+	+	+	+	+	+	+	+	+	+	+	+	+	+	+	+	+	+	+	+	+	+	+	+	+	+	+	+	+	+	+	+	+	+	+	+	+	+	-	+	+	+	+	+	+
pot01	Sub10	+	+	+	+	+	+	+	+	+	+	+	+	+	+	+	+	+	+	+	+	+	+	+	+	+	+	+	+	+	+	+	+	+	+	+	+	+	+	+	+	+	+	+	+	+	+	+	+	+	+	+	-	+	+	+	+	+	+
pot0as1	Sub10 -> Sub100	+	+	+	+	+	+	+	+	+	+	+	+	+	+	+	+	+	+	+	+	+	+	+	+	+	+	+	+	+	+	+	+	+	+	+	+	+	+	+	+	+	+	+	+	+	+	+	+	+	+	+	-	+	+	+	+	+	+
pot1	Digit -> Sub100	+	+	+	+	+	+	+	+	+	+	+	+	+	+	+	+	+	+	+	+	+	+	+	+	+	+	+	+	+	+	+	+	+	+	+	+	+	+	+	+	+	+	+	+	+	+	+	+	+	+	+	-	+	+	+	+	+	+
pot110	Sub100	+	+	+	+	+	+	+	+	+	+	+	+	+	+	+	+	+	+	+	+	+	+	+	+	+	+	+	+	+	+	+	+	+	+	+	+	+	+	+	+	+	+	+	+	+	+	+	+	+	+	+	-	+	+	+	+	+	+
pot111	Sub100	+	+	+	+	+	+	+	+	+	+	+	+	+	+	+	+	+	+	+	+	+	+	+	+	+	+	+	+	+	+	+	+	+	+	+	+	+	+	+	+	+	+	+	+	+	+	+	+	+	+	+	-	+	+	+	+	+	+
pot1as2	Sub100 -> Sub1000	+	+	+	+	+	+	+	+	+	+	+	+	+	+	+	+	+	+	+	+	+	+	+	+	+	+	+	+	+	+	+	+	+	+	+	+	+	+	+	+	+	+	+	+	+	+	+	+	+	+	+	-	+	+	+	+	+	+
pot1plus	Digit -> Sub10 -> Sub100	+	+	+	+	+	+	+	+	+	+	+	+	+	+	+	+	+	+	+	+	+	+	+	+	+	+	+	+	+	+	+	+	+	+	+	+	+	+	+	+	+	+	+	+	+	+	+	+	+	+	+	-	+	+	+	+	+	+
pot1to19	Digit -> Sub100	+	+	+	+	+	+	+	+	+	+	+	+	+	+	+	+	+	+	+	+	+	+	+	+	+	+	+	+	+	+	+	+	+	+	+	+	+	+	+	+	+	+	+	+	+	+	+	+	+	+	+	-	+	+	+	+	+	+
pot2	Sub10 -> Sub1000	+	+	+	+	+	+	+	+	+	+	+	+	+	+	+	+	+	+	+	+	+	+	+	+	+	+	+	+	+	+	+	+	+	+	+	+	+	+	+	+	+	+	+	+	+	+	+	+	+	+	+	-	+	+	+	+	+	+
pot21	Sub1000	-	-	-	-	-	+	-	-	-	-	-	-	-	+	-	-	-	-	-	+	-	-	-	-	-	-	-	-	-	-	-	-	-	-	-	-	-	-	-	+	-	-	-	-	-	-	-	-	-	-	+	-	+	-	-	-	-	+
pot2as3	Sub1000 -> Sub1000000	+	+	+	+	+	+	+	+	+	+	+	+	+	+	+	+	+	+	+	+	+	+	+	+	+	+	+	+	+	+	+	+	+	+	+	+	+	+	+	+	+	+	+	+	+	+	+	+	+	+	+	-	+	+	+	+	+	+
pot2plus	Sub10 -> Sub100 -> Sub1000	+	+	+	+	+	+	+	+	+	+	+	+	+	+	+	+	+	+	+	+	+	+	+	+	+	+	+	+	+	+	+	+	+	+	+	+	+	+	+	+	+	+	+	+	+	+	+	+	+	+	+	-	+	+	+	+	+	+
pot3	Sub1000 -> Sub1000000	+	+	+	+	+	+	+	+	+	+	+	+	+	+	+	+	+	+	+	+	+	+	+	+	+	+	+	+	+	+	+	+	+	+	+	+	+	+	+	+	+	+	+	+	+	+	+	+	+	+	+	-	+	+	+	+	+	+
pot31	Sub1000000	-	-	-	-	-	+	-	-	-	-	-	-	-	+	-	-	-	-	-	+	-	-	-	-	-	-	-	-	-	-	-	-	-	-	-	-	-	-	-	+	-	-	-	-	-	-	-	-	-	-	+	-	+	-	-	-	-	+
pot3as4	Sub1000000 -> Sub1000000000	+	-	+	-	-	+	+	+	-	-	-	+	-	+	+	+	+	+	+	+	-	-	-	-	+	-	-	+	-	+	-	-	+	-	-	-	-	-	+	+	-	+	-	+	-	+	+	+	+	+	+	-	+	+	+	-	-	+
pot3float	Float -> Sub1000000	-	-	-	-	-	+	-	-	-	-	-	-	-	+	-	+	-	+	-	+	-	-	-	-	-	-	-	-	-	-	-	-	-	-	-	-	-	-	-	-	-	-	-	-	-	-	-	-	-	-	-	-	+	-	-	-	-	+
pot3plus	Sub1000 -> Sub1000 -> Sub1000000	+	+	+	-	+	+	+	+	+	+	+	+	+	+	+	+	+	+	+	+	+	+	+	+	+	+	+	+	+	+	+	+	+	+	+	+	+	+	+	+	+	+	+	+	+	+	+	+	+	+	+	-	+	+	+	+	+	+
pot4	Sub1000 -> Sub1000000000	-	-	-	-	-	+	-	-	-	-	-	-	-	+	-	-	-	-	-	+	-	-	-	-	-	-	-	-	-	-	-	-	-	-	-	-	-	-	-	+	-	-	-	-	-	-	-	-	-	-	+	-	+	-	-	-	-	+
pot41	Sub1000000000	-	-	-	-	-	+	-	-	-	-	-	-	-	+	-	-	-	-	-	+	-	-	-	-	-	-	-	-	-	-	-	-	-	-	-	-	-	-	-	+	-	-	-	-	-	-	-	-	-	-	+	-	+	-	-	-	-	+
pot4as5	Sub1000000000 -> Sub1000000000000	+	-	+	-	-	+	+	+	-	-	-	+	-	+	+	+	+	+	+	+	-	-	-	-	+	-	-	+	-	+	-	-	+	-	-	-	-	-	+	+	-	+	-	+	-	+	+	+	+	+	+	-	+	+	+	-	-	+
pot4float	Float -> Sub1000000000	-	-	-	-	-	+	-	-	-	-	-	-	-	+	-	+	-	+	-	+	-	-	-	-	-	-	-	-	-	-	-	-	-	-	-	-	-	-	-	-	-	-	-	-	-	-	-	-	-	-	+	-	+	-	-	-	-	+
pot4plus	Sub1000 -> Sub1000000 -> Sub1000000000	-	-	-	-	-	+	-	-	-	-	-	-	-	+	-	-	-	-	-	+	-	-	-	-	-	-	-	-	-	-	-	-	-	-	-	-	-	-	-	+	-	-	-	-	-	-	-	-	-	-	+	-	+	-	-	-	-	+
pot5	Sub1000 -> Sub1000000000000	-	-	-	-	-	+	-	-	-	-	-	-	-	+	-	-	-	-	-	+	-	-	-	-	-	-	-	-	-	-	-	-	-	-	-	-	-	-	-	-	-	-	-	-	-	-	-	-	-	-	+	-	+	-	-	-	-	+
pot51	Sub1000000000000	-	-	-	-	-	+	-	-	-	-	-	-	-	+	-	+	-	+	-	+	-	-	-	-	-	-	-	-	-	-	-	-	-	-	-	-	-	-	-	-	-	-	-	-	-	-	-	-	-	-	+	-	+	-	-	-	-	+
pot5float	Float -> Sub1000000000000	-	-	-	-	-	+	-	-	-	-	-	-	-	+	-	-	-	-	-	+	-	-	-	-	-	-	-	-	-	-	-	-	-	-	-	-	-	-	-	-	-	-	-	-	-	-	-	-	-	-	+	-	+	-	-	-	-	+
pot5plus	Sub1000 -> Sub1000000000 -> Sub1000000000000	-	-	-	-	-	+	-	-	-	-	-	-	-	+	-	-	-	-	-	+	-	-	-	-	-	-	-	-	-	-	-	-	-	-	-	-	-	-	-	-	-	-	-	-	-	-	-	-	-	-	+	-	+	-	-	-	-	+
quite_Adv	AdA	+	-	-	-	+	+	+	+	-	-	+	+	+	+	+	+	+	+	+	-	+	-	+	+	+	+	+	-	+	+	+	-	+	+	+	+	+	+	+	+	+	+	+	+	+	-	-	-	+	+	+	-	+	+	+	-	+	+
she_Pron	Pron	+	+	+	+	+	+	+	+	+	+	+	+	+	+	+	+	+	+	+	+	+	+	+	+	+	+	+	+	+	+	+	+	+	+	+	+	+	+	+	+	+	+	+	+	+	+	+	+	+	+	+	-	+	+	+	+	+	+
so_AdA	AdA	+	+	-	+	+	+	+	+	-	-	+	+	+	+	+	+	+	+	+	-	+	-	+	+	+	+	+	-	+	+	+	-	+	+	+	+	+	+	+	+	+	+	+	+	+	-	-	-	+	+	+	-	+	+	+	-	+	+
somePl_Det	Det	+	+	+	+	+	+	+	+	-	+	+	+	+	+	+	+	+	+	+	-	+	+	+	+	+	+	+	+	+	+	+	-	+	+	+	+	+	+	+	+	+	+	+	+	+	+	-	+	+	+	+	-	+	+	+	-	+	+
someSg_Det	Det	+	+	+	+	+	+	+	+	-	-	+	+	+	+	+	+	+	+	+	-	+	+	+	+	+	+	+	+	+	+	+	-	+	+	+	+	+	+	+	+	+	+	+	+	+	-	-	+	+	+	+	-	+	+	+	-	+	+
somebody_NP	NP	+	+	+	+	+	+	+	+	-	-	+	+	+	+	+	+	+	+	+	-	+	-	-	+	+	+	+	-	+	+	+	+	+	+	+	+	+	+	+	+	+	+	+	+	-	-	+	-	+	+	+	-	+	+	+	-	+	+
something_NP	NP	+	+	+	+	+	+	+	+	-	+	+	+	+	+	+	+	+	+	+	-	+	+	-	+	+	+	+	+	+	+	+	-	+	+	+	+	+	+	+	+	+	+	+	+	-	+	+	-	+	+	+	-	+	+	+	-	+	+
somewhere_Adv	Adv	+	+	+	-	+	+	+	+	+	-	+	+	+	+	+	+	+	+	+	+	+	-	+	+	+	+	+	-	+	+	+	-	+	+	+	+	+	+	+	+	+	+	+	+	+	-	-	-	+	+	+	-	+	+	+	+	+	+
that_Quant	Quant	+	+	+	+	+	+	+	+	+	+	+	+	+	+	+	+	+	+	+	+	+	+	+	+	+	+	+	+	+	+	+	+	+	+	+	+	+	+	+	+	+	+	+	+	+	+	+	+	+	+	+	-	+	+	+	+	+	+
that_Subj	Subj	+	-	+	+	+	+	+	+	-	-	-	+	+	+	+	+	+	+	+	+	+	-	+	-	+	+	+	-	+	+	-	+	+	+	+	-	-	+	-	+	+	+	+	+	+	-	-	+	+	+	+	-	+	+	+	-	+	+
there7from_Adv	Adv	+	+	+	-	+	+	+	+	-	-	+	+	+	+	+	+	+	+	+	+	+	-	-	+	+	+	+	-	+	+	+	-	+	+	+	+	+	+	+	+	+	+	+	+	+	-	-	-	+	+	+	-	+	+	+	-	+	+
there7to_Adv	Adv	+	+	+	-	+	+	+	+	-	-	+	+	+	+	+	+	+	+	+	+	+	-	-	+	+	+	+	-	+	+	+	-	+	+	+	+	+	+	+	+	+	+	+	+	+	-	-	-	+	+	+	-	+	+	+	-	+	+
there_Adv	Adv	+	+	+	+	+	+	+	+	-	-	+	+	+	+	+	+	+	+	+	+	+	-	+	+	+	+	+	-	+	+	+	-	+	+	+	+	+	+	+	+	+	+	+	+	+	-	-	-	+	+	+	-	+	+	+	-	+	+
therefore_PConj	PConj	+	+	+	-	+	+	+	+	-	-	+	+	+	+	+	+	+	+	+	-	+	-	+	+	+	+	+	-	+	+	+	-	+	+	+	+	+	+	+	+	+	+	+	+	+	-	-	-	+	+	+	-	+	+	+	-	+	+
they_Pron	Pron	+	+	+	+	+	+	+	+	+	+	+	+	+	+	+	+	+	+	+	+	+	+	+	+	+	+	+	-	+	+	+	+	+	+	+	+	+	+	+	+	+	+	+	+	+	+	+	+	+	+	+	-	+	+	+	+	+	+
this_Quant	Quant	+	+	+	+	+	+	+	+	+	+	+	+	+	+	+	+	+	+	+	+	+	+	+	+	+	+	+	+	+	+	+	+	+	+	+	+	+	+	+	+	+	+	+	+	+	+	+	+	+	+	+	+	+	+	+	+	+	+
through_Prep	Prep	+	+	+	+	+	+	+	+	-	-	+	+	+	+	+	+	+	+	+	+	+	-	+	+	+	+	+	-	+	+	+	-	+	+	+	+	+	+	+	+	+	+	+	+	+	-	-	-	+	+	+	-	+	+	-	-	+	+
to_Prep	Prep	+	+	+	+	+	+	+	+	+	+	+	+	+	+	+	+	+	+	+	-	+	+	+	+	+	+	+	+	+	+	+	+	+	+	+	+	+	+	+	+	+	+	+	+	+	+	-	-	+	+	+	-	+	+	+	+	+	+
too_AdA	AdA	+	+	+	+	+	+	+	+	-	-	+	+	+	+	+	+	+	+	+	-	+	-	+	+	+	+	+	-	+	+	+	-	+	+	+	+	+	+	+	+	+	+	+	+	+	-	-	-	+	+	+	-	+	+	+	-	+	+
under_Prep	Prep	+	+	+	+	+	+	+	+	-	-	+	+	+	+	+	+	+	+	+	+	+	+	+	+	+	+	+	-	+	+	+	-	+	+	+	+	+	+	+	+	+	+	+	+	+	-	-	+	+	+	+	-	+	+	+	-	+	+
very_AdA	AdA	+	+	-	+	+	+	+	+	-	-	+	+	+	+	+	+	+	+	+	-	+	-	+	+	+	+	+	+	+	+	+	-	+	+	+	+	+	+	+	+	+	+	+	+	+	-	+	-	+	+	+	-	+	+	+	-	+	+
want_VV	VV	+	+	+	+	+	+	+	+	-	-	+	+	-	+	+	+	+	+	+	-	+	-	+	+	+	+	-	-	+	+	+	+	+	+	+	+	+	+	+	+	+	+	+	+	+	-	+	+	+	-	+	-	+	+	+	-	+	+
we_Pron	Pron	+	+	+	+	+	+	+	+	+	+	+	+	+	+	+	+	+	+	+	+	+	+	+	+	+	+	+	-	+	+	+	+	+	+	+	+	+	+	+	+	+	+	+	+	+	+	+	+	+	+	+	-	+	+	+	+	+	+
whatPl_IP	IP	+	-	+	+	+	+	+	+	-	-	+	+	-	+	+	+	+	+	+	+	+	-	+	+	+	+	-	-	+	+	+	-	+	+	+	+	+	+	+	+	-	+	+	+	+	-	-	-	+	-	+	-	+	+	+	-	+	+
whatSg_IP	IP	+	-	+	+	+	+	+	+	-	-	+	+	-	+	+	+	+	+	+	+	+	-	+	+	+	+	-	-	+	+	+	+	+	+	+	+	+	+	+	+	+	+	+	+	+	-	+	+	+	-	+	-	+	+	+	-	+	+
when_IAdv	IAdv	+	+	+	+	+	+	+	+	-	-	+	+	+	+	+	+	+	+	+	+	+	-	+	+	+	+	+	-	+	+	+	-	+	+	+	+	+	+	+	+	+	+	+	+	+	-	+	-	+	+	+	-	+	+	+	-	+	+
when_Subj	Subj	+	-	+	+	+	+	+	+	-	-	+	+	+	+	+	+	+	+	+	+	+	-	+	+	+	+	+	-	+	+	+	+	+	+	+	+	+	+	+	+	+	+	+	+	+	-	+	-	+	+	+	-	+	+	+	-	+	+
where_IAdv	IAdv	+	+	+	+	+	+	+	+	-	-	+	+	+	+	+	+	+	+	+	+	+	-	+	+	+	+	+	-	+	+	+	+	+	+	+	+	+	+	+	+	+	+	+	+	+	-	+	+	+	+	+	-	+	+	+	-	+	+
which_IQuant	IQuant	+	+	+	+	+	+	+	+	-	-	+	+	+	+	+	+	+	+	+	-	+	-	+	+	+	+	+	-	+	+	+	+	+	+	+	+	+	+	+	+	+	+	+	+	+	-	-	+	+	+	+	-	+	+	+	-	+	+
whoPl_IP	IP	+	+	+	+	+	+	+	+	-	-	+	+	-	+	+	+	+	+	+	+	+	-	+	+	+	+	-	-	+	+	+	-	+	+	+	+	+	+	+	+	-	+	+	+	+	-	-	-	+	-	+	-	+	+	+	-	+	+
whoSg_IP	IP	+	+	+	+	+	+	+	+	-	-	+	+	-	+	+	+	+	+	+	+	+	-	+	+	+	+	-	-	+	+	+	+	+	+	+	+	+	+	+	+	+	+	+	+	+	-	+	+	+	-	+	-	+	+	+	-	+	+
why_IAdv	IAdv	+	+	+	+	+	+	+	+	-	-	+	+	+	+	+	+	+	+	+	+	+	-	+	+	+	+	+	-	+	+	+	+	+	+	+	+	+	+	+	+	+	+	+	+	+	-	+	+	+	+	+	-	+	+	+	-	+	+
with_Prep	Prep	+	+	+	+	+	+	+	+	+	+	+	+	+	+	+	+	+	+	+	+	+	-	+	+	+	+	+	+	+	+	+	+	+	+	+	+	+	+	+	+	+	+	+	+	+	+	+	+	+	+	+	-	+	+	+	+	+	+
without_Prep	Prep	+	+	+	+	+	+	+	+	-	-	+	+	+	+	+	+	+	+	+	+	-	-	+	+	+	+	+	-	+	+	+	-	+	+	+	+	+	+	+	+	+	+	+	+	+	-	+	-	+	+	+	-	+	+	+	-	+	+
yes_Utt	Utt	+	-	+	+	+	+	+	+	-	-	+	+	+	+	+	+	+	+	+	+	+	+	+	+	+	+	+	+	+	+	+	-	+	+	+	+	+	+	+	+	+	+	+	+	+	-	-	+	+	+	+	-	+	+	+	-	+	+
youPl_Pron	Pron	+	+	+	+	+	+	+	+	+	+	+	+	+	+	+	+	+	+	+	+	+	+	+	+	+	+	+	+	+	+	+	+	+	+	+	+	+	+	+	+	+	+	+	+	+	+	+	+	+	+	+	-	+	+	+	+	+	+
youPol_Pron	Pron	+	+	+	+	+	+	+	+	-	-	+	+	+	+	+	+	+	+	+	-	+	+	+	+	+	+	+	+	+	+	+	+	+	+	+	+	+	+	+	+	+	+	+	+	+	-	+	+	+	+	+	-	+	+	+	-	+	+
youSg_Pron	Pron	+	+	+	+	+	+	+	+	+	+	+	+	+	+	+	+	+	+	+	+	+	+	+	+	+	+	+	+	+	+	+	+	+	+	+	+	+	+	+	+	+	+	+	+	+	+	+	+	+	+	+	-	+	+	+	+	+	+
